IBGE_6;CÓDIGO IBGE MUNICÍPIO;MUNICÍPIO;CÓDIGO RRAS;RRAS;CÓDIGO REGIÃO DE SAÚDE;REGIÃO DE SAÚDE;CÓDIGO DRS;DEPARTAMENTO REGIONAL DE SAÚDE
350010;3500105;Adamantina;10;RRAS 10;35091;ADAMANTINA;3509;MARÍLIA
350020;3500204;Adolfo;12;RRAS 12;35156;JOSÉ BONIFÁCIO;3515;SÃO JOSÉ DO RIO PRETO
350030;3500303;Aguaí;15;RRAS 15;35142;MANTIQUEIRA;3514;SÃO JOÃO DA BOA VISTA
350040;3500402;Águas da Prata;15;RRAS 15;35142;MANTIQUEIRA;3514;SÃO JOÃO DA BOA VISTA
350050;3500501;Águas de Lindóia;15;RRAS 15;35074;CIRCUITO DAS ÁGUAS;3507;CAMPINAS
350055;3500550;Águas de Santa Bárbara;09;RRAS 09;35061;VALE DO JURUMIRIM;3506;BAURU
350060;3500600;Águas de São Pedro;14;RRAS 14;35103;PIRACICABA;3510;PIRACICABA
350070;3500709;Agudos;09;RRAS 09;35062;BAURU;3506;BAURU
350075;3500758;Alambari;08;RRAS 08;35161;ITAPETININGA;3516;SOROCABA
350080;3500808;Alfredo Marcondes;11;RRAS 11;35112;ALTA SOROCABANA;3511;PRESIDENTE PRUDENTE
350090;3500907;Altair;13;RRAS 13;35051;NORTE-BARRETOS;3505;BARRETOS
350100;3501004;Altinópolis;13;RRAS 13;35133;VALE DAS CACHOEIRAS;3513;RIBEIRÃO PRETO
350110;3501103;Alto Alegre;12;RRAS 12;35023;DOS CONSÓRCIOS DO DRS II;3502;ARAÇATUBA
350115;3501152;Alumínio;08;RRAS 08;35163;SOROCABA;3516;SOROCABA
350120;3501202;Álvares Florence;12;RRAS 12;35157;VOTUPORANGA;3515;SÃO JOSÉ DO RIO PRETO
350130;3501301;Álvares Machado;11;RRAS 11;35112;ALTA SOROCABANA;3511;PRESIDENTE PRUDENTE
350140;3501400;Álvaro de Carvalho;10;RRAS 10;35093;MARÍLIA;3509;MARÍLIA
350150;3501509;Alvinlândia;10;RRAS 10;35093;MARÍLIA;3509;MARÍLIA
350160;3501608;Americana;15;RRAS 15;35072;REG METRO CAMPINAS;3507;CAMPINAS
350170;3501707;Américo Brasiliense;13;RRAS 13;35031;CENTRAL DO DRS III;3503;ARARAQUARA
350180;3501806;Américo de Campos;12;RRAS 12;35157;VOTUPORANGA;3515;SÃO JOSÉ DO RIO PRETO
350190;3501905;Amparo;15;RRAS 15;35074;CIRCUITO DAS ÁGUAS;3507;CAMPINAS
350200;3502002;Analândia;14;RRAS 14;35104;RIO CLARO;3510;PIRACICABA
350210;3502101;Andradina;12;RRAS 12;35022;DOS LAGOS DO DRS II;3502;ARAÇATUBA
350220;3502200;Angatuba;08;RRAS 08;35161;ITAPETININGA;3516;SOROCABA
350230;3502309;Anhembi;09;RRAS 09;35063;POLO CUESTA;3506;BAURU
350240;3502408;Anhumas;11;RRAS 11;35112;ALTA SOROCABANA;3511;PRESIDENTE PRUDENTE
350250;3502507;Aparecida;17;RRAS 17;35172;CIRCUITO DA FÉ - VALE HISTÓRICO;3517;TAUBATÉ
350260;3502606;Aparecida d'Oeste;12;RRAS 12;35153;JALES;3515;SÃO JOSÉ DO RIO PRETO
350270;3502705;Apiaí;08;RRAS 08;35162;ITAPEVA;3516;SOROCABA
350275;3502754;Araçariguama;08;RRAS 08;35163;SOROCABA;3516;SOROCABA
350280;3502804;Araçatuba;12;RRAS 12;35021;CENTRAL DO DRS II;3502;ARAÇATUBA
350290;3502903;Araçoiaba da Serra;08;RRAS 08;35163;SOROCABA;3516;SOROCABA
350300;3503000;Aramina;13;RRAS 13;35083;ALTA MOGIANA;3508;FRANCA
350310;3503109;Arandu;09;RRAS 09;35061;VALE DO JURUMIRIM;3506;BAURU
350315;3503158;Arapeí;17;RRAS 17;35172;CIRCUITO DA FÉ - VALE HISTÓRICO;3517;TAUBATÉ
350320;3503208;Araraquara;13;RRAS 13;35031;CENTRAL DO DRS III;3503;ARARAQUARA
350330;3503307;Araras;14;RRAS 14;35101;ARARAS;3510;PIRACICABA
350335;3503356;Arco-Íris;10;RRAS 10;35095;TUPÃ;3509;MARÍLIA
350340;3503406;Arealva;09;RRAS 09;35062;BAURU;3506;BAURU
350350;3503505;Areias;17;RRAS 17;35172;CIRCUITO DA FÉ - VALE HISTÓRICO;3517;TAUBATÉ
350360;3503604;Areiópolis;09;RRAS 09;35063;POLO CUESTA;3506;BAURU
350370;3503703;Ariranha;12;RRAS 12;35151;CATANDUVA;3515;SÃO JOSÉ DO RIO PRETO
350380;3503802;Artur Nogueira;15;RRAS 15;35072;REG METRO CAMPINAS;3507;CAMPINAS
350390;3503901;Arujá;02;RRAS 02;35011;ALTO DO TIETÊ;3501;GRANDE SÃO PAULO
350395;3503950;Aspásia;12;RRAS 12;35153;JALES;3515;SÃO JOSÉ DO RIO PRETO
350400;3504008;Assis;10;RRAS 10;35092;ASSIS;3509;MARÍLIA
350410;3504107;Atibaia;16;RRAS 16;35071;BRAGANÇA;3507;CAMPINAS
350420;3504206;Auriflama;12;RRAS 12;35021;CENTRAL DO DRS II;3502;ARAÇATUBA
350430;3504305;Avaí;09;RRAS 09;35062;BAURU;3506;BAURU
350440;3504404;Avanhandava;12;RRAS 12;35023;DOS CONSÓRCIOS DO DRS II;3502;ARAÇATUBA
350450;3504503;Avaré;09;RRAS 09;35061;VALE DO JURUMIRIM;3506;BAURU
350460;3504602;Bady Bassitt;12;RRAS 12;35155;SÃO JOSÉ DO RIO PRETO;3515;SÃO JOSÉ DO RIO PRETO
350470;3504701;Balbinos;09;RRAS 09;35062;BAURU;3506;BAURU
350480;3504800;Bálsamo;12;RRAS 12;35155;SÃO JOSÉ DO RIO PRETO;3515;SÃO JOSÉ DO RIO PRETO
350490;3504909;Bananal;17;RRAS 17;35172;CIRCUITO DA FÉ - VALE HISTÓRICO;3517;TAUBATÉ
350500;3505005;Barão de Antonina;09;RRAS 09;35061;VALE DO JURUMIRIM;3506;BAURU
350510;3505104;Barbosa;12;RRAS 12;35023;DOS CONSÓRCIOS DO DRS II;3502;ARAÇATUBA
350520;3505203;Bariri;09;RRAS 09;35064;JAU;3506;BAURU
350530;3505302;Barra Bonita;09;RRAS 09;35064;JAU;3506;BAURU
350535;3505351;Barra do Chapéu;08;RRAS 08;35162;ITAPEVA;3516;SOROCABA
350540;3505401;Barra do Turvo;07;RRAS 07;35121;VALE DO RIBEIRA;3512;REGISTRO
350550;3505500;Barretos;13;RRAS 13;35051;NORTE-BARRETOS;3505;BARRETOS
350560;3505609;Barrinha;13;RRAS 13;35131;HORIZONTE VERDE;3513;RIBEIRÃO PRETO
350570;3505708;Barueri;05;RRAS 05;35014;ROTA DOS BANDEIRANTES;3501;GRANDE SÃO PAULO
350580;3505807;Bastos;10;RRAS 10;35095;TUPÃ;3509;MARÍLIA
350590;3505906;Batatais;13;RRAS 13;35133;VALE DAS CACHOEIRAS;3513;RIBEIRÃO PRETO
350600;3506003;Bauru;09;RRAS 09;35062;BAURU;3506;BAURU
350610;3506102;Bebedouro;13;RRAS 13;35052;SUL-BARRETOS;3505;BARRETOS
350620;3506201;Bento de Abreu;12;RRAS 12;35021;CENTRAL DO DRS II;3502;ARAÇATUBA
350630;3506300;Bernardino de Campos;10;RRAS 10;35094;OURINHOS;3509;MARÍLIA
350635;3506359;Bertioga;07;RRAS 07;35041;BAIXADA SANTISTA;3504;BAIXADA SANTISTA
350640;3506409;Bilac;12;RRAS 12;35021;CENTRAL DO DRS II;3502;ARAÇATUBA
350650;3506508;Birigui;12;RRAS 12;35023;DOS CONSÓRCIOS DO DRS II;3502;ARAÇATUBA
350660;3506607;Biritiba-Mirim;02;RRAS 02;35011;ALTO DO TIETÊ;3501;GRANDE SÃO PAULO
350670;3506706;Boa Esperança do Sul;13;RRAS 13;35031;CENTRAL DO DRS III;3503;ARARAQUARA
350680;3506805;Bocaina;09;RRAS 09;35064;JAU;3506;BAURU
350690;3506904;Bofete;09;RRAS 09;35063;POLO CUESTA;3506;BAURU
350700;3507001;Boituva;08;RRAS 08;35163;SOROCABA;3516;SOROCABA
350710;3507100;Bom Jesus dos Perdões;16;RRAS 16;35071;BRAGANÇA;3507;CAMPINAS
350715;3507159;Bom Sucesso de Itararé;08;RRAS 08;35162;ITAPEVA;3516;SOROCABA
350720;3507209;Borá;10;RRAS 10;35092;ASSIS;3509;MARÍLIA
350730;3507308;Boracéia;09;RRAS 09;35064;JAU;3506;BAURU
350740;3507407;Borborema;13;RRAS 13;35032;CENTRO OESTE DO DRS III;3503;ARARAQUARA
350745;3507456;Borebi;09;RRAS 09;35062;BAURU;3506;BAURU
350750;3507506;Botucatu;09;RRAS 09;35063;POLO CUESTA;3506;BAURU
350760;3507605;Bragança Paulista;16;RRAS 16;35071;BRAGANÇA;3507;CAMPINAS
350770;3507704;Braúna;12;RRAS 12;35023;DOS CONSÓRCIOS DO DRS II;3502;ARAÇATUBA
350775;3507753;Brejo Alegre;12;RRAS 12;35023;DOS CONSÓRCIOS DO DRS II;3502;ARAÇATUBA
350780;3507803;Brodowski;13;RRAS 13;35133;VALE DAS CACHOEIRAS;3513;RIBEIRÃO PRETO
350790;3507902;Brotas;09;RRAS 09;35064;JAU;3506;BAURU
350800;3508009;Buri;08;RRAS 08;35162;ITAPEVA;3516;SOROCABA
350810;3508108;Buritama;12;RRAS 12;35023;DOS CONSÓRCIOS DO DRS II;3502;ARAÇATUBA
350820;3508207;Buritizal;13;RRAS 13;35083;ALTA MOGIANA;3508;FRANCA
350830;3508306;Cabrália Paulista;09;RRAS 09;35062;BAURU;3506;BAURU
350840;3508405;Cabreúva;16;RRAS 16;35073;JUNDIAÍ;3507;CAMPINAS
350850;3508504;Caçapava;17;RRAS 17;35171;ALTO VALE DO PARAÍBA;3517;TAUBATÉ
350860;3508603;Cachoeira Paulista;17;RRAS 17;35172;CIRCUITO DA FÉ - VALE HISTÓRICO;3517;TAUBATÉ
350870;3508702;Caconde;15;RRAS 15;35143;RIO PARDO;3514;SÃO JOÃO DA BOA VISTA
350880;3508801;Cafelândia;09;RRAS 09;35065;LINS;3506;BAURU
350890;3508900;Caiabu;11;RRAS 11;35112;ALTA SOROCABANA;3511;PRESIDENTE PRUDENTE
350900;3509007;Caieiras;03;RRAS 03;35012;FRANCO DA ROCHA;3501;GRANDE SÃO PAULO
350910;3509106;Caiuá;11;RRAS 11;35114;EXTREMO OESTE PAULISTA;3511;PRESIDENTE PRUDENTE
350920;3509205;Cajamar;03;RRAS 03;35012;FRANCO DA ROCHA;3501;GRANDE SÃO PAULO
350925;3509254;Cajati;07;RRAS 07;35121;VALE DO RIBEIRA;3512;REGISTRO
350930;3509304;Cajobi;13;RRAS 13;35051;NORTE-BARRETOS;3505;BARRETOS
350940;3509403;Cajuru;13;RRAS 13;35133;VALE DAS CACHOEIRAS;3513;RIBEIRÃO PRETO
350945;3509452;Campina do Monte Alegre;08;RRAS 08;35161;ITAPETININGA;3516;SOROCABA
350950;3509502;Campinas;15;RRAS 15;35072;REG METRO CAMPINAS;3507;CAMPINAS
350960;3509601;Campo Limpo Paulista;16;RRAS 16;35073;JUNDIAÍ;3507;CAMPINAS
350970;3509700;Campos do Jordão;17;RRAS 17;35174;V. PARAÍBA-REG. SERRANA;3517;TAUBATÉ
350980;3509809;Campos Novos Paulista;10;RRAS 10;35093;MARÍLIA;3509;MARÍLIA
350990;3509908;Cananéia;07;RRAS 07;35121;VALE DO RIBEIRA;3512;REGISTRO
350995;3509957;Canas;17;RRAS 17;35172;CIRCUITO DA FÉ - VALE HISTÓRICO;3517;TAUBATÉ
351000;3510005;Cândido Mota;10;RRAS 10;35092;ASSIS;3509;MARÍLIA
351010;3510104;Cândido Rodrigues;13;RRAS 13;35033;NORTE DO DRS III;3503;ARARAQUARA
351015;3510153;Canitar;10;RRAS 10;35094;OURINHOS;3509;MARÍLIA
351020;3510203;Capão Bonito;08;RRAS 08;35161;ITAPETININGA;3516;SOROCABA
351030;3510302;Capela do Alto;08;RRAS 08;35163;SOROCABA;3516;SOROCABA
351040;3510401;Capivari;14;RRAS 14;35103;PIRACICABA;3510;PIRACICABA
351050;3510500;Caraguatatuba;17;RRAS 17;35173;LITORAL NORTE;3517;TAUBATÉ
351060;3510609;Carapicuíba;05;RRAS 05;35014;ROTA DOS BANDEIRANTES;3501;GRANDE SÃO PAULO
351070;3510708;Cardoso;12;RRAS 12;35157;VOTUPORANGA;3515;SÃO JOSÉ DO RIO PRETO
351080;3510807;Casa Branca;15;RRAS 15;35143;RIO PARDO;3514;SÃO JOÃO DA BOA VISTA
351090;3510906;Cássia dos Coqueiros;13;RRAS 13;35133;VALE DAS CACHOEIRAS;3513;RIBEIRÃO PRETO
351100;3511003;Castilho;12;RRAS 12;35022;DOS LAGOS DO DRS II;3502;ARAÇATUBA
351110;3511102;Catanduva;12;RRAS 12;35151;CATANDUVA;3515;SÃO JOSÉ DO RIO PRETO
351120;3511201;Catiguá;12;RRAS 12;35151;CATANDUVA;3515;SÃO JOSÉ DO RIO PRETO
351130;3511300;Cedral;12;RRAS 12;35155;SÃO JOSÉ DO RIO PRETO;3515;SÃO JOSÉ DO RIO PRETO
351140;3511409;Cerqueira César;09;RRAS 09;35061;VALE DO JURUMIRIM;3506;BAURU
351150;3511508;Cerquilho;08;RRAS 08;35161;ITAPETININGA;3516;SOROCABA
351160;3511607;Cesário Lange;08;RRAS 08;35161;ITAPETININGA;3516;SOROCABA
351170;3511706;Charqueada;14;RRAS 14;35103;PIRACICABA;3510;PIRACICABA
351190;3511904;Clementina;12;RRAS 12;35023;DOS CONSÓRCIOS DO DRS II;3502;ARAÇATUBA
351200;3512001;Colina;13;RRAS 13;35051;NORTE-BARRETOS;3505;BARRETOS
351210;3512100;Colômbia;13;RRAS 13;35051;NORTE-BARRETOS;3505;BARRETOS
351220;3512209;Conchal;14;RRAS 14;35101;ARARAS;3510;PIRACICABA
351230;3512308;Conchas;09;RRAS 09;35063;POLO CUESTA;3506;BAURU
351240;3512407;Cordeirópolis;14;RRAS 14;35102;LIMEIRA;3510;PIRACICABA
351250;3512506;Coroados;12;RRAS 12;35023;DOS CONSÓRCIOS DO DRS II;3502;ARAÇATUBA
351260;3512605;Coronel Macedo;09;RRAS 09;35061;VALE DO JURUMIRIM;3506;BAURU
351270;3512704;Corumbataí;14;RRAS 14;35104;RIO CLARO;3510;PIRACICABA
351280;3512803;Cosmópolis;15;RRAS 15;35072;REG METRO CAMPINAS;3507;CAMPINAS
351290;3512902;Cosmorama;12;RRAS 12;35157;VOTUPORANGA;3515;SÃO JOSÉ DO RIO PRETO
351300;3513009;Cotia;04;RRAS 04;35013;MANANCIAIS;3501;GRANDE SÃO PAULO
351310;3513108;Cravinhos;13;RRAS 13;35132;AQUÍFERO GUARANI;3513;RIBEIRÃO PRETO
351320;3513207;Cristais Paulista;13;RRAS 13;35081;TRÊS COLINAS;3508;FRANCA
351330;3513306;Cruzália;10;RRAS 10;35092;ASSIS;3509;MARÍLIA
351340;3513405;Cruzeiro;17;RRAS 17;35172;CIRCUITO DA FÉ - VALE HISTÓRICO;3517;TAUBATÉ
351350;3513504;Cubatão;07;RRAS 07;35041;BAIXADA SANTISTA;3504;BAIXADA SANTISTA
351360;3513603;Cunha;17;RRAS 17;35172;CIRCUITO DA FÉ - VALE HISTÓRICO;3517;TAUBATÉ
351370;3513702;Descalvado;13;RRAS 13;35034;CORAÇÃO DO DRS III;3503;ARARAQUARA
351380;3513801;Diadema;01;RRAS 01;35015;GRANDE ABC;3501;GRANDE SÃO PAULO
351385;3513850;Dirce Reis;12;RRAS 12;35153;JALES;3515;SÃO JOSÉ DO RIO PRETO
351390;3513900;Divinolândia;15;RRAS 15;35143;RIO PARDO;3514;SÃO JOÃO DA BOA VISTA
351400;3514007;Dobrada;13;RRAS 13;35033;NORTE DO DRS III;3503;ARARAQUARA
351410;3514106;Dois Córregos;09;RRAS 09;35064;JAU;3506;BAURU
351420;3514205;Dolcinópolis;12;RRAS 12;35153;JALES;3515;SÃO JOSÉ DO RIO PRETO
351430;3514304;Dourado;13;RRAS 13;35034;CORAÇÃO DO DRS III;3503;ARARAQUARA
351440;3514403;Dracena;11;RRAS 11;35111;ALTA PAULISTA;3511;PRESIDENTE PRUDENTE
351450;3514502;Duartina;09;RRAS 09;35062;BAURU;3506;BAURU
351460;3514601;Dumont;13;RRAS 13;35131;HORIZONTE VERDE;3513;RIBEIRÃO PRETO
351470;3514700;Echaporã;10;RRAS 10;35093;MARÍLIA;3509;MARÍLIA
351480;3514809;Eldorado;07;RRAS 07;35121;VALE DO RIBEIRA;3512;REGISTRO
351490;3514908;Elias Fausto;14;RRAS 14;35103;PIRACICABA;3510;PIRACICABA
351492;3514924;Elisiário;12;RRAS 12;35151;CATANDUVA;3515;SÃO JOSÉ DO RIO PRETO
351495;3514957;Embaúba;12;RRAS 12;35151;CATANDUVA;3515;SÃO JOSÉ DO RIO PRETO
351500;3515004;Embu das Artes;04;RRAS 04;35013;MANANCIAIS;3501;GRANDE SÃO PAULO
351510;3515103;Embu-Guaçu;04;RRAS 04;35013;MANANCIAIS;3501;GRANDE SÃO PAULO
351512;3515129;Emilianópolis;11;RRAS 11;35112;ALTA SOROCABANA;3511;PRESIDENTE PRUDENTE
351515;3515152;Engenheiro Coelho;14;RRAS 14;35102;LIMEIRA;3510;PIRACICABA
351518;3515186;Espírito Santo do Pinhal;15;RRAS 15;35142;MANTIQUEIRA;3514;SÃO JOÃO DA BOA VISTA
351519;3515194;Espírito Santo do Turvo;10;RRAS 10;35094;OURINHOS;3509;MARÍLIA
351520;3515202;Estrela d'Oeste;12;RRAS 12;35154;FERNANDÓPOLIS;3515;SÃO JOSÉ DO RIO PRETO
351530;3515301;Estrela do Norte;11;RRAS 11;35112;ALTA SOROCABANA;3511;PRESIDENTE PRUDENTE
351535;3515350;Euclides da Cunha Paulista;11;RRAS 11;35115;PONTAL DO PARANAPANEMA;3511;PRESIDENTE PRUDENTE
351540;3515400;Fartura;09;RRAS 09;35061;VALE DO JURUMIRIM;3506;BAURU
351550;3515509;Fernandópolis;12;RRAS 12;35154;FERNANDÓPOLIS;3515;SÃO JOSÉ DO RIO PRETO
351560;3515608;Fernando Prestes;12;RRAS 12;35151;CATANDUVA;3515;SÃO JOSÉ DO RIO PRETO
351565;3515657;Fernão;10;RRAS 10;35093;MARÍLIA;3509;MARÍLIA
351570;3515707;Ferraz de Vasconcelos;02;RRAS 02;35011;ALTO DO TIETÊ;3501;GRANDE SÃO PAULO
351580;3515806;Flora Rica;11;RRAS 11;35111;ALTA PAULISTA;3511;PRESIDENTE PRUDENTE
351590;3515905;Floreal;12;RRAS 12;35157;VOTUPORANGA;3515;SÃO JOSÉ DO RIO PRETO
351600;3516002;Flórida Paulista;10;RRAS 10;35091;ADAMANTINA;3509;MARÍLIA
351610;3516101;Florínia;10;RRAS 10;35092;ASSIS;3509;MARÍLIA
351620;3516200;Franca;13;RRAS 13;35081;TRÊS COLINAS;3508;FRANCA
351630;3516309;Francisco Morato;03;RRAS 03;35012;FRANCO DA ROCHA;3501;GRANDE SÃO PAULO
351640;3516408;Franco da Rocha;03;RRAS 03;35012;FRANCO DA ROCHA;3501;GRANDE SÃO PAULO
351650;3516507;Gabriel Monteiro;12;RRAS 12;35023;DOS CONSÓRCIOS DO DRS II;3502;ARAÇATUBA
351660;3516606;Gália;10;RRAS 10;35093;MARÍLIA;3509;MARÍLIA
351670;3516705;Garça;10;RRAS 10;35093;MARÍLIA;3509;MARÍLIA
351680;3516804;Gastão Vidigal;12;RRAS 12;35157;VOTUPORANGA;3515;SÃO JOSÉ DO RIO PRETO
351685;3516853;Gavião Peixoto;13;RRAS 13;35031;CENTRAL DO DRS III;3503;ARARAQUARA
351690;3516903;General Salgado;12;RRAS 12;35157;VOTUPORANGA;3515;SÃO JOSÉ DO RIO PRETO
351700;3517000;Getulina;09;RRAS 09;35065;LINS;3506;BAURU
351710;3517109;Glicério;12;RRAS 12;35023;DOS CONSÓRCIOS DO DRS II;3502;ARAÇATUBA
351720;3517208;Guaiçara;09;RRAS 09;35065;LINS;3506;BAURU
351730;3517307;Guaimbê;10;RRAS 10;35093;MARÍLIA;3509;MARÍLIA
351740;3517406;Guaíra;13;RRAS 13;35051;NORTE-BARRETOS;3505;BARRETOS
351750;3517505;Guapiaçu;12;RRAS 12;35155;SÃO JOSÉ DO RIO PRETO;3515;SÃO JOSÉ DO RIO PRETO
351760;3517604;Guapiara;08;RRAS 08;35162;ITAPEVA;3516;SOROCABA
351770;3517703;Guará;13;RRAS 13;35083;ALTA MOGIANA;3508;FRANCA
351780;3517802;Guaraçaí;12;RRAS 12;35022;DOS LAGOS DO DRS II;3502;ARAÇATUBA
351790;3517901;Guaraci;13;RRAS 13;35051;NORTE-BARRETOS;3505;BARRETOS
351800;3518008;Guarani d'Oeste;12;RRAS 12;35154;FERNANDÓPOLIS;3515;SÃO JOSÉ DO RIO PRETO
351810;3518107;Guarantã;10;RRAS 10;35093;MARÍLIA;3509;MARÍLIA
351820;3518206;Guararapes;12;RRAS 12;35021;CENTRAL DO DRS II;3502;ARAÇATUBA
351830;3518305;Guararema;02;RRAS 02;35011;ALTO DO TIETÊ;3501;GRANDE SÃO PAULO
351840;3518404;Guaratinguetá;17;RRAS 17;35172;CIRCUITO DA FÉ - VALE HISTÓRICO;3517;TAUBATÉ
351850;3518503;Guareí;08;RRAS 08;35161;ITAPETININGA;3516;SOROCABA
351860;3518602;Guariba;13;RRAS 13;35131;HORIZONTE VERDE;3513;RIBEIRÃO PRETO
351870;3518701;Guarujá;07;RRAS 07;35041;BAIXADA SANTISTA;3504;BAIXADA SANTISTA
351880;3518800;Guarulhos;02;RRAS 02;35011;ALTO DO TIETÊ;3501;GRANDE SÃO PAULO
351885;3518859;Guatapará;13;RRAS 13;35132;AQUÍFERO GUARANI;3513;RIBEIRÃO PRETO
351890;3518909;Guzolândia;12;RRAS 12;35021;CENTRAL DO DRS II;3502;ARAÇATUBA
351900;3519006;Herculândia;10;RRAS 10;35095;TUPÃ;3509;MARÍLIA
351905;3519055;Holambra;15;RRAS 15;35072;REG METRO CAMPINAS;3507;CAMPINAS
351907;3519071;Hortolândia;15;RRAS 15;35072;REG METRO CAMPINAS;3507;CAMPINAS
351910;3519105;Iacanga;09;RRAS 09;35062;BAURU;3506;BAURU
351920;3519204;Iacri;10;RRAS 10;35095;TUPÃ;3509;MARÍLIA
351925;3519253;Iaras;09;RRAS 09;35061;VALE DO JURUMIRIM;3506;BAURU
351930;3519303;Ibaté;13;RRAS 13;35034;CORAÇÃO DO DRS III;3503;ARARAQUARA
351940;3519402;Ibirá;12;RRAS 12;35155;SÃO JOSÉ DO RIO PRETO;3515;SÃO JOSÉ DO RIO PRETO
351950;3519501;Ibirarema;10;RRAS 10;35094;OURINHOS;3509;MARÍLIA
351960;3519600;Ibitinga;13;RRAS 13;35032;CENTRO OESTE DO DRS III;3503;ARARAQUARA
351970;3519709;Ibiúna;08;RRAS 08;35163;SOROCABA;3516;SOROCABA
351980;3519808;Icém;12;RRAS 12;35155;SÃO JOSÉ DO RIO PRETO;3515;SÃO JOSÉ DO RIO PRETO
351990;3519907;Iepê;11;RRAS 11;35113;ALTO CAPIVARI;3511;PRESIDENTE PRUDENTE
352000;3520004;Igaraçu do Tietê;09;RRAS 09;35064;JAU;3506;BAURU
352010;3520103;Igarapava;13;RRAS 13;35083;ALTA MOGIANA;3508;FRANCA
352020;3520202;Igaratá;17;RRAS 17;35171;ALTO VALE DO PARAÍBA;3517;TAUBATÉ
352030;3520301;Iguape;07;RRAS 07;35121;VALE DO RIBEIRA;3512;REGISTRO
352040;3520400;Ilhabela;17;RRAS 17;35173;LITORAL NORTE;3517;TAUBATÉ
352042;3520426;Ilha Comprida;07;RRAS 07;35121;VALE DO RIBEIRA;3512;REGISTRO
352044;3520442;Ilha Solteira;12;RRAS 12;35022;DOS LAGOS DO DRS II;3502;ARAÇATUBA
352050;3520509;Indaiatuba;15;RRAS 15;35072;REG METRO CAMPINAS;3507;CAMPINAS
352060;3520608;Indiana;11;RRAS 11;35112;ALTA SOROCABANA;3511;PRESIDENTE PRUDENTE
352070;3520707;Indiaporã;12;RRAS 12;35154;FERNANDÓPOLIS;3515;SÃO JOSÉ DO RIO PRETO
352080;3520806;Inúbia Paulista;10;RRAS 10;35091;ADAMANTINA;3509;MARÍLIA
352090;3520905;Ipaussu;10;RRAS 10;35094;OURINHOS;3509;MARÍLIA
352100;3521002;Iperó;08;RRAS 08;35163;SOROCABA;3516;SOROCABA
352110;3521101;Ipeúna;14;RRAS 14;35104;RIO CLARO;3510;PIRACICABA
352115;3521150;Ipiguá;12;RRAS 12;35155;SÃO JOSÉ DO RIO PRETO;3515;SÃO JOSÉ DO RIO PRETO
352120;3521200;Iporanga;07;RRAS 07;35121;VALE DO RIBEIRA;3512;REGISTRO
352130;3521309;Ipuã;13;RRAS 13;35082;ALTA ANHANGUERA;3508;FRANCA
352140;3521408;Iracemápolis;14;RRAS 14;35102;LIMEIRA;3510;PIRACICABA
352150;3521507;Irapuã;12;RRAS 12;35151;CATANDUVA;3515;SÃO JOSÉ DO RIO PRETO
352160;3521606;Irapuru;11;RRAS 11;35111;ALTA PAULISTA;3511;PRESIDENTE PRUDENTE
352170;3521705;Itaberá;08;RRAS 08;35162;ITAPEVA;3516;SOROCABA
352180;3521804;Itaí;09;RRAS 09;35061;VALE DO JURUMIRIM;3506;BAURU
352190;3521903;Itajobi;12;RRAS 12;35151;CATANDUVA;3515;SÃO JOSÉ DO RIO PRETO
352200;3522000;Itaju;09;RRAS 09;35064;JAU;3506;BAURU
352210;3522109;Itanhaém;07;RRAS 07;35041;BAIXADA SANTISTA;3504;BAIXADA SANTISTA
352215;3522158;Itaóca;08;RRAS 08;35162;ITAPEVA;3516;SOROCABA
352220;3522208;Itapecerica da Serra;04;RRAS 04;35013;MANANCIAIS;3501;GRANDE SÃO PAULO
352230;3522307;Itapetininga;08;RRAS 08;35161;ITAPETININGA;3516;SOROCABA
352240;3522406;Itapeva;08;RRAS 08;35162;ITAPEVA;3516;SOROCABA
352250;3522505;Itapevi;05;RRAS 05;35014;ROTA DOS BANDEIRANTES;3501;GRANDE SÃO PAULO
352260;3522604;Itapira;15;RRAS 15;35141;BAIXA MOGIANA;3514;SÃO JOÃO DA BOA VISTA
352265;3522653;Itapirapuã Paulista;08;RRAS 08;35162;ITAPEVA;3516;SOROCABA
352270;3522703;Itápolis;13;RRAS 13;35032;CENTRO OESTE DO DRS III;3503;ARARAQUARA
352280;3522802;Itaporanga;09;RRAS 09;35061;VALE DO JURUMIRIM;3506;BAURU
352290;3522901;Itapuí;09;RRAS 09;35064;JAU;3506;BAURU
352300;3523008;Itapura;12;RRAS 12;35022;DOS LAGOS DO DRS II;3502;ARAÇATUBA
352310;3523107;Itaquaquecetuba;02;RRAS 02;35011;ALTO DO TIETÊ;3501;GRANDE SÃO PAULO
352320;3523206;Itararé;08;RRAS 08;35162;ITAPEVA;3516;SOROCABA
352330;3523305;Itariri;07;RRAS 07;35121;VALE DO RIBEIRA;3512;REGISTRO
352340;3523404;Itatiba;15;RRAS 15;35072;REG METRO CAMPINAS;3507;CAMPINAS
352350;3523503;Itatinga;09;RRAS 09;35063;POLO CUESTA;3506;BAURU
352360;3523602;Itirapina;14;RRAS 14;35104;RIO CLARO;3510;PIRACICABA
352370;3523701;Itirapuã;13;RRAS 13;35081;TRÊS COLINAS;3508;FRANCA
352380;3523800;Itobi;15;RRAS 15;35143;RIO PARDO;3514;SÃO JOÃO DA BOA VISTA
352390;3523909;Itu;08;RRAS 08;35163;SOROCABA;3516;SOROCABA
352400;3524006;Itupeva;16;RRAS 16;35073;JUNDIAÍ;3507;CAMPINAS
352410;3524105;Ituverava;13;RRAS 13;35083;ALTA MOGIANA;3508;FRANCA
352420;3524204;Jaborandi;13;RRAS 13;35051;NORTE-BARRETOS;3505;BARRETOS
352430;3524303;Jaboticabal;13;RRAS 13;35131;HORIZONTE VERDE;3513;RIBEIRÃO PRETO
352440;3524402;Jacareí;17;RRAS 17;35171;ALTO VALE DO PARAÍBA;3517;TAUBATÉ
352450;3524501;Jaci;12;RRAS 12;35156;JOSÉ BONIFÁCIO;3515;SÃO JOSÉ DO RIO PRETO
352460;3524600;Jacupiranga;07;RRAS 07;35121;VALE DO RIBEIRA;3512;REGISTRO
352470;3524709;Jaguariúna;15;RRAS 15;35072;REG METRO CAMPINAS;3507;CAMPINAS
352480;3524808;Jales;12;RRAS 12;35153;JALES;3515;SÃO JOSÉ DO RIO PRETO
352490;3524907;Jambeiro;17;RRAS 17;35171;ALTO VALE DO PARAÍBA;3517;TAUBATÉ
352500;3525003;Jandira;05;RRAS 05;35014;ROTA DOS BANDEIRANTES;3501;GRANDE SÃO PAULO
352510;3525102;Jardinópolis;13;RRAS 13;35132;AQUÍFERO GUARANI;3513;RIBEIRÃO PRETO
352520;3525201;Jarinu;16;RRAS 16;35073;JUNDIAÍ;3507;CAMPINAS
352530;3525300;Jaú;09;RRAS 09;35064;JAU;3506;BAURU
352540;3525409;Jeriquara;13;RRAS 13;35081;TRÊS COLINAS;3508;FRANCA
352550;3525508;Joanópolis;16;RRAS 16;35071;BRAGANÇA;3507;CAMPINAS
352560;3525607;João Ramalho;11;RRAS 11;35113;ALTO CAPIVARI;3511;PRESIDENTE PRUDENTE
352570;3525706;José Bonifácio;12;RRAS 12;35156;JOSÉ BONIFÁCIO;3515;SÃO JOSÉ DO RIO PRETO
352580;3525805;Júlio Mesquita;10;RRAS 10;35093;MARÍLIA;3509;MARÍLIA
352585;3525854;Jumirim;08;RRAS 08;35163;SOROCABA;3516;SOROCABA
352590;3525904;Jundiaí;16;RRAS 16;35073;JUNDIAÍ;3507;CAMPINAS
352600;3526001;Junqueirópolis;11;RRAS 11;35111;ALTA PAULISTA;3511;PRESIDENTE PRUDENTE
352610;3526100;Juquiá;07;RRAS 07;35121;VALE DO RIBEIRA;3512;REGISTRO
352620;3526209;Juquitiba;04;RRAS 04;35013;MANANCIAIS;3501;GRANDE SÃO PAULO
352630;3526308;Lagoinha;17;RRAS 17;35174;V. PARAÍBA-REG. SERRANA;3517;TAUBATÉ
352640;3526407;Laranjal Paulista;09;RRAS 09;35063;POLO CUESTA;3506;BAURU
352650;3526506;Lavínia;12;RRAS 12;35022;DOS LAGOS DO DRS II;3502;ARAÇATUBA
352660;3526605;Lavrinhas;17;RRAS 17;35172;CIRCUITO DA FÉ - VALE HISTÓRICO;3517;TAUBATÉ
352670;3526704;Leme;14;RRAS 14;35101;ARARAS;3510;PIRACICABA
352680;3526803;Lençóis Paulista;09;RRAS 09;35062;BAURU;3506;BAURU
352690;3526902;Limeira;14;RRAS 14;35102;LIMEIRA;3510;PIRACICABA
352700;3527009;Lindóia;15;RRAS 15;35074;CIRCUITO DAS ÁGUAS;3507;CAMPINAS
352710;3527108;Lins;09;RRAS 09;35065;LINS;3506;BAURU
352720;3527207;Lorena;17;RRAS 17;35172;CIRCUITO DA FÉ - VALE HISTÓRICO;3517;TAUBATÉ
352725;3527256;Lourdes;12;RRAS 12;35023;DOS CONSÓRCIOS DO DRS II;3502;ARAÇATUBA
352730;3527306;Louveira;16;RRAS 16;35073;JUNDIAÍ;3507;CAMPINAS
352740;3527405;Lucélia;10;RRAS 10;35091;ADAMANTINA;3509;MARÍLIA
352750;3527504;Lucianópolis;09;RRAS 09;35062;BAURU;3506;BAURU
352760;3527603;Luís Antônio;13;RRAS 13;35132;AQUÍFERO GUARANI;3513;RIBEIRÃO PRETO
352770;3527702;Luiziânia;12;RRAS 12;35023;DOS CONSÓRCIOS DO DRS II;3502;ARAÇATUBA
352780;3527801;Lupércio;10;RRAS 10;35093;MARÍLIA;3509;MARÍLIA
352790;3527900;Lutécia;10;RRAS 10;35092;ASSIS;3509;MARÍLIA
352800;3528007;Macatuba;09;RRAS 09;35062;BAURU;3506;BAURU
352810;3528106;Macaubal;12;RRAS 12;35157;VOTUPORANGA;3515;SÃO JOSÉ DO RIO PRETO
352820;3528205;Macedônia;12;RRAS 12;35154;FERNANDÓPOLIS;3515;SÃO JOSÉ DO RIO PRETO
352830;3528304;Magda;12;RRAS 12;35157;VOTUPORANGA;3515;SÃO JOSÉ DO RIO PRETO
352840;3528403;Mairinque;08;RRAS 08;35163;SOROCABA;3516;SOROCABA
352850;3528502;Mairiporã;03;RRAS 03;35012;FRANCO DA ROCHA;3501;GRANDE SÃO PAULO
352860;3528601;Manduri;09;RRAS 09;35061;VALE DO JURUMIRIM;3506;BAURU
352870;3528700;Marabá Paulista;11;RRAS 11;35114;EXTREMO OESTE PAULISTA;3511;PRESIDENTE PRUDENTE
352880;3528809;Maracaí;10;RRAS 10;35092;ASSIS;3509;MARÍLIA
352885;3528858;Marapoama;12;RRAS 12;35151;CATANDUVA;3515;SÃO JOSÉ DO RIO PRETO
352890;3528908;Mariápolis;10;RRAS 10;35091;ADAMANTINA;3509;MARÍLIA
352900;3529005;Marília;10;RRAS 10;35093;MARÍLIA;3509;MARÍLIA
352910;3529104;Marinópolis;12;RRAS 12;35153;JALES;3515;SÃO JOSÉ DO RIO PRETO
352920;3529203;Martinópolis;11;RRAS 11;35112;ALTA SOROCABANA;3511;PRESIDENTE PRUDENTE
352930;3529302;Matão;13;RRAS 13;35033;NORTE DO DRS III;3503;ARARAQUARA
352940;3529401;Mauá;01;RRAS 01;35015;GRANDE ABC;3501;GRANDE SÃO PAULO
352950;3529500;Mendonça;12;RRAS 12;35156;JOSÉ BONIFÁCIO;3515;SÃO JOSÉ DO RIO PRETO
352960;3529609;Meridiano;12;RRAS 12;35154;FERNANDÓPOLIS;3515;SÃO JOSÉ DO RIO PRETO
352965;3529658;Mesópolis;12;RRAS 12;35153;JALES;3515;SÃO JOSÉ DO RIO PRETO
352970;3529708;Miguelópolis;13;RRAS 13;35083;ALTA MOGIANA;3508;FRANCA
352980;3529807;Mineiros do Tietê;09;RRAS 09;35064;JAU;3506;BAURU
352990;3529906;Miracatu;07;RRAS 07;35121;VALE DO RIBEIRA;3512;REGISTRO
353000;3530003;Mira Estrela;12;RRAS 12;35154;FERNANDÓPOLIS;3515;SÃO JOSÉ DO RIO PRETO
353010;3530102;Mirandópolis;12;RRAS 12;35022;DOS LAGOS DO DRS II;3502;ARAÇATUBA
353020;3530201;Mirante do Paranapanema;11;RRAS 11;35115;PONTAL DO PARANAPANEMA;3511;PRESIDENTE PRUDENTE
353030;3530300;Mirassol;12;RRAS 12;35155;SÃO JOSÉ DO RIO PRETO;3515;SÃO JOSÉ DO RIO PRETO
353040;3530409;Mirassolândia;12;RRAS 12;35155;SÃO JOSÉ DO RIO PRETO;3515;SÃO JOSÉ DO RIO PRETO
353050;3530508;Mococa;15;RRAS 15;35143;RIO PARDO;3514;SÃO JOÃO DA BOA VISTA
353060;3530607;Mogi das Cruzes;02;RRAS 02;35011;ALTO DO TIETÊ;3501;GRANDE SÃO PAULO
353070;3530706;Mogi Guaçu;15;RRAS 15;35141;BAIXA MOGIANA;3514;SÃO JOÃO DA BOA VISTA
353080;3530805;Moji Mirim;15;RRAS 15;35141;BAIXA MOGIANA;3514;SÃO JOÃO DA BOA VISTA
353090;3530904;Mombuca;14;RRAS 14;35103;PIRACICABA;3510;PIRACICABA
353100;3531001;Monções;12;RRAS 12;35157;VOTUPORANGA;3515;SÃO JOSÉ DO RIO PRETO
353110;3531100;Mongaguá;07;RRAS 07;35041;BAIXADA SANTISTA;3504;BAIXADA SANTISTA
353120;3531209;Monte Alegre do Sul;15;RRAS 15;35074;CIRCUITO DAS ÁGUAS;3507;CAMPINAS
353130;3531308;Monte Alto;13;RRAS 13;35131;HORIZONTE VERDE;3513;RIBEIRÃO PRETO
353140;3531407;Monte Aprazível;12;RRAS 12;35156;JOSÉ BONIFÁCIO;3515;SÃO JOSÉ DO RIO PRETO
353150;3531506;Monte Azul Paulista;13;RRAS 13;35052;SUL-BARRETOS;3505;BARRETOS
353160;3531605;Monte Castelo;11;RRAS 11;35111;ALTA PAULISTA;3511;PRESIDENTE PRUDENTE
353170;3531704;Monteiro Lobato;17;RRAS 17;35171;ALTO VALE DO PARAÍBA;3517;TAUBATÉ
353180;3531803;Monte Mor;15;RRAS 15;35072;REG METRO CAMPINAS;3507;CAMPINAS
353190;3531902;Morro Agudo;13;RRAS 13;35082;ALTA ANHANGUERA;3508;FRANCA
353200;3532009;Morungaba;15;RRAS 15;35072;REG METRO CAMPINAS;3507;CAMPINAS
353205;3532058;Motuca;13;RRAS 13;35031;CENTRAL DO DRS III;3503;ARARAQUARA
353210;3532108;Murutinga do Sul;12;RRAS 12;35022;DOS LAGOS DO DRS II;3502;ARAÇATUBA
353215;3532157;Nantes;11;RRAS 11;35113;ALTO CAPIVARI;3511;PRESIDENTE PRUDENTE
353220;3532207;Narandiba;11;RRAS 11;35112;ALTA SOROCABANA;3511;PRESIDENTE PRUDENTE
353230;3532306;Natividade da Serra;17;RRAS 17;35174;V. PARAÍBA-REG. SERRANA;3517;TAUBATÉ
353240;3532405;Nazaré Paulista;16;RRAS 16;35071;BRAGANÇA;3507;CAMPINAS
353250;3532504;Neves Paulista;12;RRAS 12;35155;SÃO JOSÉ DO RIO PRETO;3515;SÃO JOSÉ DO RIO PRETO
353260;3532603;Nhandeara;12;RRAS 12;35157;VOTUPORANGA;3515;SÃO JOSÉ DO RIO PRETO
353270;3532702;Nipoã;12;RRAS 12;35156;JOSÉ BONIFÁCIO;3515;SÃO JOSÉ DO RIO PRETO
353280;3532801;Nova Aliança;12;RRAS 12;35155;SÃO JOSÉ DO RIO PRETO;3515;SÃO JOSÉ DO RIO PRETO
353282;3532827;Nova Campina;08;RRAS 08;35162;ITAPEVA;3516;SOROCABA
353284;3532843;Nova Canaã Paulista;12;RRAS 12;35152;SANTA FÉ DO SUL;3515;SÃO JOSÉ DO RIO PRETO
353286;3532868;Nova Castilho;12;RRAS 12;35021;CENTRAL DO DRS II;3502;ARAÇATUBA
353290;3532900;Nova Europa;13;RRAS 13;35032;CENTRO OESTE DO DRS III;3503;ARARAQUARA
353300;3533007;Nova Granada;12;RRAS 12;35155;SÃO JOSÉ DO RIO PRETO;3515;SÃO JOSÉ DO RIO PRETO
353310;3533106;Nova Guataporanga;11;RRAS 11;35111;ALTA PAULISTA;3511;PRESIDENTE PRUDENTE
353320;3533205;Nova Independência;12;RRAS 12;35022;DOS LAGOS DO DRS II;3502;ARAÇATUBA
353325;3533254;Novais;12;RRAS 12;35151;CATANDUVA;3515;SÃO JOSÉ DO RIO PRETO
353330;3533304;Nova Luzitânia;12;RRAS 12;35021;CENTRAL DO DRS II;3502;ARAÇATUBA
353340;3533403;Nova Odessa;15;RRAS 15;35072;REG METRO CAMPINAS;3507;CAMPINAS
353350;3533502;Novo Horizonte;12;RRAS 12;35151;CATANDUVA;3515;SÃO JOSÉ DO RIO PRETO
353360;3533601;Nuporanga;13;RRAS 13;35082;ALTA ANHANGUERA;3508;FRANCA
353370;3533700;Ocauçu;10;RRAS 10;35093;MARÍLIA;3509;MARÍLIA
353380;3533809;Óleo;10;RRAS 10;35094;OURINHOS;3509;MARÍLIA
353390;3533908;Olímpia;13;RRAS 13;35051;NORTE-BARRETOS;3505;BARRETOS
353400;3534005;Onda Verde;12;RRAS 12;35155;SÃO JOSÉ DO RIO PRETO;3515;SÃO JOSÉ DO RIO PRETO
353410;3534104;Oriente;10;RRAS 10;35093;MARÍLIA;3509;MARÍLIA
353420;3534203;Orindiúva;12;RRAS 12;35155;SÃO JOSÉ DO RIO PRETO;3515;SÃO JOSÉ DO RIO PRETO
353430;3534302;Orlândia;13;RRAS 13;35082;ALTA ANHANGUERA;3508;FRANCA
353440;3534401;Osasco;05;RRAS 05;35014;ROTA DOS BANDEIRANTES;3501;GRANDE SÃO PAULO
353450;3534500;Oscar Bressane;10;RRAS 10;35093;MARÍLIA;3509;MARÍLIA
353460;3534609;Osvaldo Cruz;10;RRAS 10;35091;ADAMANTINA;3509;MARÍLIA
353470;3534708;Ourinhos;10;RRAS 10;35094;OURINHOS;3509;MARÍLIA
353475;3534757;Ouroeste;12;RRAS 12;35154;FERNANDÓPOLIS;3515;SÃO JOSÉ DO RIO PRETO
353480;3534807;Ouro Verde;11;RRAS 11;35111;ALTA PAULISTA;3511;PRESIDENTE PRUDENTE
353490;3534906;Pacaembu;10;RRAS 10;35091;ADAMANTINA;3509;MARÍLIA
353500;3535002;Palestina;12;RRAS 12;35155;SÃO JOSÉ DO RIO PRETO;3515;SÃO JOSÉ DO RIO PRETO
353510;3535101;Palmares Paulista;12;RRAS 12;35151;CATANDUVA;3515;SÃO JOSÉ DO RIO PRETO
353520;3535200;Palmeira d'Oeste;12;RRAS 12;35153;JALES;3515;SÃO JOSÉ DO RIO PRETO
353530;3535309;Palmital;10;RRAS 10;35092;ASSIS;3509;MARÍLIA
353540;3535408;Panorama;11;RRAS 11;35111;ALTA PAULISTA;3511;PRESIDENTE PRUDENTE
353550;3535507;Paraguaçu Paulista;10;RRAS 10;35092;ASSIS;3509;MARÍLIA
353560;3535606;Paraibuna;17;RRAS 17;35171;ALTO VALE DO PARAÍBA;3517;TAUBATÉ
353570;3535705;Paraíso;12;RRAS 12;35151;CATANDUVA;3515;SÃO JOSÉ DO RIO PRETO
353580;3535804;Paranapanema;09;RRAS 09;35061;VALE DO JURUMIRIM;3506;BAURU
353590;3535903;Paranapuã;12;RRAS 12;35153;JALES;3515;SÃO JOSÉ DO RIO PRETO
353600;3536000;Parapuã;10;RRAS 10;35095;TUPÃ;3509;MARÍLIA
353610;3536109;Pardinho;09;RRAS 09;35063;POLO CUESTA;3506;BAURU
353620;3536208;Pariquera-Açu;07;RRAS 07;35121;VALE DO RIBEIRA;3512;REGISTRO
353625;3536257;Parisi;12;RRAS 12;35157;VOTUPORANGA;3515;SÃO JOSÉ DO RIO PRETO
353630;3536307;Patrocínio Paulista;13;RRAS 13;35081;TRÊS COLINAS;3508;FRANCA
353640;3536406;Paulicéia;11;RRAS 11;35111;ALTA PAULISTA;3511;PRESIDENTE PRUDENTE
353650;3536505;Paulínia;15;RRAS 15;35072;REG METRO CAMPINAS;3507;CAMPINAS
353657;3536570;Paulistânia;09;RRAS 09;35062;BAURU;3506;BAURU
353660;3536604;Paulo de Faria;12;RRAS 12;35155;SÃO JOSÉ DO RIO PRETO;3515;SÃO JOSÉ DO RIO PRETO
353670;3536703;Pederneiras;09;RRAS 09;35062;BAURU;3506;BAURU
353680;3536802;Pedra Bela;16;RRAS 16;35071;BRAGANÇA;3507;CAMPINAS
353690;3536901;Pedranópolis;12;RRAS 12;35154;FERNANDÓPOLIS;3515;SÃO JOSÉ DO RIO PRETO
353700;3537008;Pedregulho;13;RRAS 13;35081;TRÊS COLINAS;3508;FRANCA
353710;3537107;Pedreira;15;RRAS 15;35072;REG METRO CAMPINAS;3507;CAMPINAS
353715;3537156;Pedrinhas Paulista;10;RRAS 10;35092;ASSIS;3509;MARÍLIA
353720;3537206;Pedro de Toledo;07;RRAS 07;35121;VALE DO RIBEIRA;3512;REGISTRO
353730;3537305;Penápolis;12;RRAS 12;35023;DOS CONSÓRCIOS DO DRS II;3502;ARAÇATUBA
353740;3537404;Pereira Barreto;12;RRAS 12;35022;DOS LAGOS DO DRS II;3502;ARAÇATUBA
353750;3537503;Pereiras;09;RRAS 09;35063;POLO CUESTA;3506;BAURU
353760;3537602;Peruíbe;07;RRAS 07;35041;BAIXADA SANTISTA;3504;BAIXADA SANTISTA
353770;3537701;Piacatu;12;RRAS 12;35023;DOS CONSÓRCIOS DO DRS II;3502;ARAÇATUBA
353780;3537800;Piedade;08;RRAS 08;35163;SOROCABA;3516;SOROCABA
353790;3537909;Pilar do Sul;08;RRAS 08;35163;SOROCABA;3516;SOROCABA
353800;3538006;Pindamonhangaba;17;RRAS 17;35174;V. PARAÍBA-REG. SERRANA;3517;TAUBATÉ
353810;3538105;Pindorama;12;RRAS 12;35151;CATANDUVA;3515;SÃO JOSÉ DO RIO PRETO
353820;3538204;Pinhalzinho;16;RRAS 16;35071;BRAGANÇA;3507;CAMPINAS
353830;3538303;Piquerobi;11;RRAS 11;35114;EXTREMO OESTE PAULISTA;3511;PRESIDENTE PRUDENTE
353850;3538501;Piquete;17;RRAS 17;35172;CIRCUITO DA FÉ - VALE HISTÓRICO;3517;TAUBATÉ
353860;3538600;Piracaia;16;RRAS 16;35071;BRAGANÇA;3507;CAMPINAS
353870;3538709;Piracicaba;14;RRAS 14;35103;PIRACICABA;3510;PIRACICABA
353880;3538808;Piraju;09;RRAS 09;35061;VALE DO JURUMIRIM;3506;BAURU
353890;3538907;Pirajuí;09;RRAS 09;35062;BAURU;3506;BAURU
353900;3539004;Pirangi;12;RRAS 12;35151;CATANDUVA;3515;SÃO JOSÉ DO RIO PRETO
353910;3539103;Pirapora do Bom Jesus;05;RRAS 05;35014;ROTA DOS BANDEIRANTES;3501;GRANDE SÃO PAULO
353920;3539202;Pirapozinho;11;RRAS 11;35112;ALTA SOROCABANA;3511;PRESIDENTE PRUDENTE
353930;3539301;Pirassununga;14;RRAS 14;35101;ARARAS;3510;PIRACICABA
353940;3539400;Piratininga;09;RRAS 09;35062;BAURU;3506;BAURU
353950;3539509;Pitangueiras;13;RRAS 13;35131;HORIZONTE VERDE;3513;RIBEIRÃO PRETO
353960;3539608;Planalto;12;RRAS 12;35156;JOSÉ BONIFÁCIO;3515;SÃO JOSÉ DO RIO PRETO
353970;3539707;Platina;10;RRAS 10;35092;ASSIS;3509;MARÍLIA
353980;3539806;Poá;02;RRAS 02;35011;ALTO DO TIETÊ;3501;GRANDE SÃO PAULO
353990;3539905;Poloni;12;RRAS 12;35156;JOSÉ BONIFÁCIO;3515;SÃO JOSÉ DO RIO PRETO
354000;3540002;Pompéia;10;RRAS 10;35093;MARÍLIA;3509;MARÍLIA
354010;3540101;Pongaí;09;RRAS 09;35065;LINS;3506;BAURU
354020;3540200;Pontal;13;RRAS 13;35131;HORIZONTE VERDE;3513;RIBEIRÃO PRETO
354025;3540259;Pontalinda;12;RRAS 12;35153;JALES;3515;SÃO JOSÉ DO RIO PRETO
354030;3540309;Pontes Gestal;12;RRAS 12;35157;VOTUPORANGA;3515;SÃO JOSÉ DO RIO PRETO
354040;3540408;Populina;12;RRAS 12;35154;FERNANDÓPOLIS;3515;SÃO JOSÉ DO RIO PRETO
354050;3540507;Porangaba;09;RRAS 09;35063;POLO CUESTA;3506;BAURU
354060;3540606;Porto Feliz;08;RRAS 08;35163;SOROCABA;3516;SOROCABA
354070;3540705;Porto Ferreira;13;RRAS 13;35034;CORAÇÃO DO DRS III;3503;ARARAQUARA
354075;3540754;Potim;17;RRAS 17;35172;CIRCUITO DA FÉ - VALE HISTÓRICO;3517;TAUBATÉ
354080;3540804;Potirendaba;12;RRAS 12;35155;SÃO JOSÉ DO RIO PRETO;3515;SÃO JOSÉ DO RIO PRETO
354085;3540853;Pracinha;10;RRAS 10;35091;ADAMANTINA;3509;MARÍLIA
354090;3540903;Pradópolis;13;RRAS 13;35131;HORIZONTE VERDE;3513;RIBEIRÃO PRETO
354100;3541000;Praia Grande;07;RRAS 07;35041;BAIXADA SANTISTA;3504;BAIXADA SANTISTA
354105;3541059;Pratânia;09;RRAS 09;35063;POLO CUESTA;3506;BAURU
354110;3541109;Presidente Alves;09;RRAS 09;35062;BAURU;3506;BAURU
354120;3541208;Presidente Bernardes;11;RRAS 11;35112;ALTA SOROCABANA;3511;PRESIDENTE PRUDENTE
354130;3541307;Presidente Epitácio;11;RRAS 11;35114;EXTREMO OESTE PAULISTA;3511;PRESIDENTE PRUDENTE
354140;3541406;Presidente Prudente;11;RRAS 11;35112;ALTA SOROCABANA;3511;PRESIDENTE PRUDENTE
354150;3541505;Presidente Venceslau;11;RRAS 11;35114;EXTREMO OESTE PAULISTA;3511;PRESIDENTE PRUDENTE
354160;3541604;Promissão;09;RRAS 09;35065;LINS;3506;BAURU
354165;3541653;Quadra;08;RRAS 08;35161;ITAPETININGA;3516;SOROCABA
354170;3541703;Quatá;11;RRAS 11;35113;ALTO CAPIVARI;3511;PRESIDENTE PRUDENTE
354180;3541802;Queiroz;10;RRAS 10;35095;TUPÃ;3509;MARÍLIA
354190;3541901;Queluz;17;RRAS 17;35172;CIRCUITO DA FÉ - VALE HISTÓRICO;3517;TAUBATÉ
354200;3542008;Quintana;10;RRAS 10;35093;MARÍLIA;3509;MARÍLIA
354210;3542107;Rafard;14;RRAS 14;35103;PIRACICABA;3510;PIRACICABA
354220;3542206;Rancharia;11;RRAS 11;35113;ALTO CAPIVARI;3511;PRESIDENTE PRUDENTE
354230;3542305;Redenção da Serra;17;RRAS 17;35174;V. PARAÍBA-REG. SERRANA;3517;TAUBATÉ
354240;3542404;Regente Feijó;11;RRAS 11;35112;ALTA SOROCABANA;3511;PRESIDENTE PRUDENTE
354250;3542503;Reginópolis;09;RRAS 09;35062;BAURU;3506;BAURU
354260;3542602;Registro;07;RRAS 07;35121;VALE DO RIBEIRA;3512;REGISTRO
354270;3542701;Restinga;13;RRAS 13;35081;TRÊS COLINAS;3508;FRANCA
354280;3542800;Ribeira;08;RRAS 08;35162;ITAPEVA;3516;SOROCABA
354290;3542909;Ribeirão Bonito;13;RRAS 13;35034;CORAÇÃO DO DRS III;3503;ARARAQUARA
354300;3543006;Ribeirão Branco;08;RRAS 08;35162;ITAPEVA;3516;SOROCABA
354310;3543105;Ribeirão Corrente;13;RRAS 13;35081;TRÊS COLINAS;3508;FRANCA
354320;3543204;Ribeirão do Sul;10;RRAS 10;35094;OURINHOS;3509;MARÍLIA
354323;3543238;Ribeirão dos Índios;11;RRAS 11;35112;ALTA SOROCABANA;3511;PRESIDENTE PRUDENTE
354325;3543253;Ribeirão Grande;08;RRAS 08;35161;ITAPETININGA;3516;SOROCABA
354330;3543303;Ribeirão Pires;01;RRAS 01;35015;GRANDE ABC;3501;GRANDE SÃO PAULO
354340;3543402;Ribeirão Preto;13;RRAS 13;35132;AQUÍFERO GUARANI;3513;RIBEIRÃO PRETO
354350;3543501;Riversul;08;RRAS 08;35162;ITAPEVA;3516;SOROCABA
354360;3543600;Rifaina;13;RRAS 13;35081;TRÊS COLINAS;3508;FRANCA
354370;3543709;Rincão;13;RRAS 13;35031;CENTRAL DO DRS III;3503;ARARAQUARA
354380;3543808;Rinópolis;10;RRAS 10;35095;TUPÃ;3509;MARÍLIA
354390;3543907;Rio Claro;14;RRAS 14;35104;RIO CLARO;3510;PIRACICABA
354400;3544004;Rio das Pedras;14;RRAS 14;35103;PIRACICABA;3510;PIRACICABA
354410;3544103;Rio Grande da Serra;01;RRAS 01;35015;GRANDE ABC;3501;GRANDE SÃO PAULO
354420;3544202;Riolândia;12;RRAS 12;35157;VOTUPORANGA;3515;SÃO JOSÉ DO RIO PRETO
354425;3544251;Rosana;11;RRAS 11;35115;PONTAL DO PARANAPANEMA;3511;PRESIDENTE PRUDENTE
354430;3544301;Roseira;17;RRAS 17;35172;CIRCUITO DA FÉ - VALE HISTÓRICO;3517;TAUBATÉ
354440;3544400;Rubiácea;12;RRAS 12;35021;CENTRAL DO DRS II;3502;ARAÇATUBA
354450;3544509;Rubinéia;12;RRAS 12;35152;SANTA FÉ DO SUL;3515;SÃO JOSÉ DO RIO PRETO
354460;3544608;Sabino;09;RRAS 09;35065;LINS;3506;BAURU
354470;3544707;Sagres;10;RRAS 10;35091;ADAMANTINA;3509;MARÍLIA
354480;3544806;Sales;12;RRAS 12;35151;CATANDUVA;3515;SÃO JOSÉ DO RIO PRETO
354490;3544905;Sales Oliveira;13;RRAS 13;35082;ALTA ANHANGUERA;3508;FRANCA
354500;3545001;Salesópolis;02;RRAS 02;35011;ALTO DO TIETÊ;3501;GRANDE SÃO PAULO
354510;3545100;Salmourão;10;RRAS 10;35091;ADAMANTINA;3509;MARÍLIA
354515;3545159;Saltinho;14;RRAS 14;35103;PIRACICABA;3510;PIRACICABA
354520;3545209;Salto;08;RRAS 08;35163;SOROCABA;3516;SOROCABA
354530;3545308;Salto de Pirapora;08;RRAS 08;35163;SOROCABA;3516;SOROCABA
354540;3545407;Salto Grande;10;RRAS 10;35094;OURINHOS;3509;MARÍLIA
354550;3545506;Sandovalina;11;RRAS 11;35112;ALTA SOROCABANA;3511;PRESIDENTE PRUDENTE
354560;3545605;Santa Adélia;12;RRAS 12;35151;CATANDUVA;3515;SÃO JOSÉ DO RIO PRETO
354570;3545704;Santa Albertina;12;RRAS 12;35153;JALES;3515;SÃO JOSÉ DO RIO PRETO
354580;3545803;Santa Bárbara d'Oeste;15;RRAS 15;35072;REG METRO CAMPINAS;3507;CAMPINAS
354600;3546009;Santa Branca;17;RRAS 17;35171;ALTO VALE DO PARAÍBA;3517;TAUBATÉ
354610;3546108;Santa Clara d'Oeste;12;RRAS 12;35152;SANTA FÉ DO SUL;3515;SÃO JOSÉ DO RIO PRETO
354620;3546207;Santa Cruz da Conceição;14;RRAS 14;35101;ARARAS;3510;PIRACICABA
354625;3546256;Santa Cruz da Esperança;13;RRAS 13;35133;VALE DAS CACHOEIRAS;3513;RIBEIRÃO PRETO
354630;3546306;Santa Cruz das Palmeiras;15;RRAS 15;35142;MANTIQUEIRA;3514;SÃO JOÃO DA BOA VISTA
354640;3546405;Santa Cruz do Rio Pardo;10;RRAS 10;35094;OURINHOS;3509;MARÍLIA
354650;3546504;Santa Ernestina;13;RRAS 13;35033;NORTE DO DRS III;3503;ARARAQUARA
354660;3546603;Santa Fé do Sul;12;RRAS 12;35152;SANTA FÉ DO SUL;3515;SÃO JOSÉ DO RIO PRETO
354670;3546702;Santa Gertrudes;14;RRAS 14;35104;RIO CLARO;3510;PIRACICABA
354680;3546801;Santa Isabel;02;RRAS 02;35011;ALTO DO TIETÊ;3501;GRANDE SÃO PAULO
354690;3546900;Santa Lúcia;13;RRAS 13;35031;CENTRAL DO DRS III;3503;ARARAQUARA
354700;3547007;Santa Maria da Serra;14;RRAS 14;35103;PIRACICABA;3510;PIRACICABA
354710;3547106;Santa Mercedes;11;RRAS 11;35111;ALTA PAULISTA;3511;PRESIDENTE PRUDENTE
354720;3547205;Santana da Ponte Pensa;12;RRAS 12;35153;JALES;3515;SÃO JOSÉ DO RIO PRETO
354730;3547304;Santana de Parnaíba;05;RRAS 05;35014;ROTA DOS BANDEIRANTES;3501;GRANDE SÃO PAULO
354740;3547403;Santa Rita d'Oeste;12;RRAS 12;35152;SANTA FÉ DO SUL;3515;SÃO JOSÉ DO RIO PRETO
354750;3547502;Santa Rita do Passa Quatro;13;RRAS 13;35132;AQUÍFERO GUARANI;3513;RIBEIRÃO PRETO
354760;3547601;Santa Rosa de Viterbo;13;RRAS 13;35132;AQUÍFERO GUARANI;3513;RIBEIRÃO PRETO
354765;3547650;Santa Salete;12;RRAS 12;35153;JALES;3515;SÃO JOSÉ DO RIO PRETO
354770;3547700;Santo Anastácio;11;RRAS 11;35112;ALTA SOROCABANA;3511;PRESIDENTE PRUDENTE
354780;3547809;Santo André;01;RRAS 01;35015;GRANDE ABC;3501;GRANDE SÃO PAULO
354790;3547908;Santo Antônio da Alegria;13;RRAS 13;35133;VALE DAS CACHOEIRAS;3513;RIBEIRÃO PRETO
354800;3548005;Santo Antônio de Posse;15;RRAS 15;35072;REG METRO CAMPINAS;3507;CAMPINAS
354805;3548054;Santo Antônio do Aracanguá;12;RRAS 12;35021;CENTRAL DO DRS II;3502;ARAÇATUBA
354810;3548104;Santo Antônio do Jardim;15;RRAS 15;35142;MANTIQUEIRA;3514;SÃO JOÃO DA BOA VISTA
354820;3548203;Santo Antônio do Pinhal;17;RRAS 17;35174;V. PARAÍBA-REG. SERRANA;3517;TAUBATÉ
354830;3548302;Santo Expedito;11;RRAS 11;35112;ALTA SOROCABANA;3511;PRESIDENTE PRUDENTE
354840;3548401;Santópolis do Aguapeí;12;RRAS 12;35023;DOS CONSÓRCIOS DO DRS II;3502;ARAÇATUBA
354850;3548500;Santos;07;RRAS 07;35041;BAIXADA SANTISTA;3504;BAIXADA SANTISTA
354860;3548609;São Bento do Sapucaí;17;RRAS 17;35174;V. PARAÍBA-REG. SERRANA;3517;TAUBATÉ
354870;3548708;São Bernardo do Campo;01;RRAS 01;35015;GRANDE ABC;3501;GRANDE SÃO PAULO
354880;3548807;São Caetano do Sul;01;RRAS 01;35015;GRANDE ABC;3501;GRANDE SÃO PAULO
354890;3548906;São Carlos;13;RRAS 13;35034;CORAÇÃO DO DRS III;3503;ARARAQUARA
354900;3549003;São Francisco;12;RRAS 12;35153;JALES;3515;SÃO JOSÉ DO RIO PRETO
354910;3549102;São João da Boa Vista;15;RRAS 15;35142;MANTIQUEIRA;3514;SÃO JOÃO DA BOA VISTA
354920;3549201;São João das Duas Pontes;12;RRAS 12;35154;FERNANDÓPOLIS;3515;SÃO JOSÉ DO RIO PRETO
354925;3549250;São João de Iracema;12;RRAS 12;35154;FERNANDÓPOLIS;3515;SÃO JOSÉ DO RIO PRETO
354930;3549300;São João do Pau d'Alho;11;RRAS 11;35111;ALTA PAULISTA;3511;PRESIDENTE PRUDENTE
354940;3549409;São Joaquim da Barra;13;RRAS 13;35082;ALTA ANHANGUERA;3508;FRANCA
354950;3549508;São José da Bela Vista;13;RRAS 13;35081;TRÊS COLINAS;3508;FRANCA
354960;3549607;São José do Barreiro;17;RRAS 17;35172;CIRCUITO DA FÉ - VALE HISTÓRICO;3517;TAUBATÉ
354970;3549706;São José do Rio Pardo;15;RRAS 15;35143;RIO PARDO;3514;SÃO JOÃO DA BOA VISTA
354980;3549805;São José do Rio Preto;12;RRAS 12;35155;SÃO JOSÉ DO RIO PRETO;3515;SÃO JOSÉ DO RIO PRETO
354990;3549904;São José dos Campos;17;RRAS 17;35171;ALTO VALE DO PARAÍBA;3517;TAUBATÉ
354995;3549953;São Lourenço da Serra;04;RRAS 04;35013;MANANCIAIS;3501;GRANDE SÃO PAULO
355000;3550001;São Luís do Paraitinga;17;RRAS 17;35174;V. PARAÍBA-REG. SERRANA;3517;TAUBATÉ
355010;3550100;São Manuel;09;RRAS 09;35063;POLO CUESTA;3506;BAURU
355020;3550209;São Miguel Arcanjo;08;RRAS 08;35161;ITAPETININGA;3516;SOROCABA
355030;3550308;São Paulo;06;RRAS 06;35016;SÃO PAULO;3501;GRANDE SÃO PAULO
355040;3550407;São Pedro;14;RRAS 14;35103;PIRACICABA;3510;PIRACICABA
355050;3550506;São Pedro do Turvo;10;RRAS 10;35094;OURINHOS;3509;MARÍLIA
355060;3550605;São Roque;08;RRAS 08;35163;SOROCABA;3516;SOROCABA
355070;3550704;São Sebastião;17;RRAS 17;35173;LITORAL NORTE;3517;TAUBATÉ
355080;3550803;São Sebastião da Grama;15;RRAS 15;35143;RIO PARDO;3514;SÃO JOÃO DA BOA VISTA
355090;3550902;São Simão;13;RRAS 13;35132;AQUÍFERO GUARANI;3513;RIBEIRÃO PRETO
355100;3551009;São Vicente;07;RRAS 07;35041;BAIXADA SANTISTA;3504;BAIXADA SANTISTA
355110;3551108;Sarapuí;08;RRAS 08;35161;ITAPETININGA;3516;SOROCABA
355120;3551207;Sarutaiá;09;RRAS 09;35061;VALE DO JURUMIRIM;3506;BAURU
355130;3551306;Sebastianópolis do Sul;12;RRAS 12;35157;VOTUPORANGA;3515;SÃO JOSÉ DO RIO PRETO
355140;3551405;Serra Azul;13;RRAS 13;35132;AQUÍFERO GUARANI;3513;RIBEIRÃO PRETO
355150;3551504;Serrana;13;RRAS 13;35132;AQUÍFERO GUARANI;3513;RIBEIRÃO PRETO
355160;3551603;Serra Negra;15;RRAS 15;35074;CIRCUITO DAS ÁGUAS;3507;CAMPINAS
355170;3551702;Sertãozinho;13;RRAS 13;35131;HORIZONTE VERDE;3513;RIBEIRÃO PRETO
355180;3551801;Sete Barras;07;RRAS 07;35121;VALE DO RIBEIRA;3512;REGISTRO
355190;3551900;Severínia;13;RRAS 13;35051;NORTE-BARRETOS;3505;BARRETOS
355200;3552007;Silveiras;17;RRAS 17;35172;CIRCUITO DA FÉ - VALE HISTÓRICO;3517;TAUBATÉ
355210;3552106;Socorro;16;RRAS 16;35071;BRAGANÇA;3507;CAMPINAS
355220;3552205;Sorocaba;08;RRAS 08;35163;SOROCABA;3516;SOROCABA
355230;3552304;Sud Mennucci;12;RRAS 12;35022;DOS LAGOS DO DRS II;3502;ARAÇATUBA
355240;3552403;Sumaré;15;RRAS 15;35072;REG METRO CAMPINAS;3507;CAMPINAS
355250;3552502;Suzano;02;RRAS 02;35011;ALTO DO TIETÊ;3501;GRANDE SÃO PAULO
355255;3552551;Suzanápolis;12;RRAS 12;35022;DOS LAGOS DO DRS II;3502;ARAÇATUBA
355260;3552601;Tabapuã;12;RRAS 12;35151;CATANDUVA;3515;SÃO JOSÉ DO RIO PRETO
355270;3552700;Tabatinga;13;RRAS 13;35032;CENTRO OESTE DO DRS III;3503;ARARAQUARA
355280;3552809;Taboão da Serra;04;RRAS 04;35013;MANANCIAIS;3501;GRANDE SÃO PAULO
355290;3552908;Taciba;11;RRAS 11;35112;ALTA SOROCABANA;3511;PRESIDENTE PRUDENTE
355300;3553005;Taguaí;09;RRAS 09;35061;VALE DO JURUMIRIM;3506;BAURU
355310;3553104;Taiaçu;13;RRAS 13;35052;SUL-BARRETOS;3505;BARRETOS
355320;3553203;Taiúva;13;RRAS 13;35052;SUL-BARRETOS;3505;BARRETOS
355330;3553302;Tambaú;15;RRAS 15;35142;MANTIQUEIRA;3514;SÃO JOÃO DA BOA VISTA
355340;3553401;Tanabi;12;RRAS 12;35155;SÃO JOSÉ DO RIO PRETO;3515;SÃO JOSÉ DO RIO PRETO
355350;3553500;Tapiraí;08;RRAS 08;35163;SOROCABA;3516;SOROCABA
355360;3553609;Tapiratiba;15;RRAS 15;35143;RIO PARDO;3514;SÃO JOÃO DA BOA VISTA
355365;3553658;Taquaral;13;RRAS 13;35052;SUL-BARRETOS;3505;BARRETOS
355370;3553708;Taquaritinga;13;RRAS 13;35033;NORTE DO DRS III;3503;ARARAQUARA
355380;3553807;Taquarituba;09;RRAS 09;35061;VALE DO JURUMIRIM;3506;BAURU
355385;3553856;Taquarivaí;08;RRAS 08;35162;ITAPEVA;3516;SOROCABA
355390;3553906;Tarabai;11;RRAS 11;35112;ALTA SOROCABANA;3511;PRESIDENTE PRUDENTE
355395;3553955;Tarumã;10;RRAS 10;35092;ASSIS;3509;MARÍLIA
355400;3554003;Tatuí;08;RRAS 08;35161;ITAPETININGA;3516;SOROCABA
355410;3554102;Taubaté;17;RRAS 17;35174;V. PARAÍBA-REG. SERRANA;3517;TAUBATÉ
355420;3554201;Tejupá;09;RRAS 09;35061;VALE DO JURUMIRIM;3506;BAURU
355430;3554300;Teodoro Sampaio;11;RRAS 11;35115;PONTAL DO PARANAPANEMA;3511;PRESIDENTE PRUDENTE
355440;3554409;Terra Roxa;13;RRAS 13;35052;SUL-BARRETOS;3505;BARRETOS
355450;3554508;Tietê;08;RRAS 08;35163;SOROCABA;3516;SOROCABA
355460;3554607;Timburi;10;RRAS 10;35094;OURINHOS;3509;MARÍLIA
355465;3554656;Torre de Pedra;09;RRAS 09;35063;POLO CUESTA;3506;BAURU
355470;3554706;Torrinha;09;RRAS 09;35064;JAU;3506;BAURU
355475;3554755;Trabiju;13;RRAS 13;35031;CENTRAL DO DRS III;3503;ARARAQUARA
355480;3554805;Tremembé;17;RRAS 17;35174;V. PARAÍBA-REG. SERRANA;3517;TAUBATÉ
355490;3554904;Três Fronteiras;12;RRAS 12;35152;SANTA FÉ DO SUL;3515;SÃO JOSÉ DO RIO PRETO
355495;3554953;Tuiuti;16;RRAS 16;35071;BRAGANÇA;3507;CAMPINAS
355500;3555000;Tupã;10;RRAS 10;35095;TUPÃ;3509;MARÍLIA
355510;3555109;Tupi Paulista;11;RRAS 11;35111;ALTA PAULISTA;3511;PRESIDENTE PRUDENTE
355520;3555208;Turiúba;12;RRAS 12;35023;DOS CONSÓRCIOS DO DRS II;3502;ARAÇATUBA
355530;3555307;Turmalina;12;RRAS 12;35154;FERNANDÓPOLIS;3515;SÃO JOSÉ DO RIO PRETO
355535;3555356;Ubarana;12;RRAS 12;35156;JOSÉ BONIFÁCIO;3515;SÃO JOSÉ DO RIO PRETO
355540;3555406;Ubatuba;17;RRAS 17;35173;LITORAL NORTE;3517;TAUBATÉ
355550;3555505;Ubirajara;10;RRAS 10;35093;MARÍLIA;3509;MARÍLIA
355560;3555604;Uchoa;12;RRAS 12;35155;SÃO JOSÉ DO RIO PRETO;3515;SÃO JOSÉ DO RIO PRETO
355570;3555703;União Paulista;12;RRAS 12;35156;JOSÉ BONIFÁCIO;3515;SÃO JOSÉ DO RIO PRETO
355580;3555802;Urânia;12;RRAS 12;35153;JALES;3515;SÃO JOSÉ DO RIO PRETO
355590;3555901;Uru;09;RRAS 09;35065;LINS;3506;BAURU
355600;3556008;Urupês;12;RRAS 12;35151;CATANDUVA;3515;SÃO JOSÉ DO RIO PRETO
355610;3556107;Valentim Gentil;12;RRAS 12;35157;VOTUPORANGA;3515;SÃO JOSÉ DO RIO PRETO
355620;3556206;Valinhos;15;RRAS 15;35072;REG METRO CAMPINAS;3507;CAMPINAS
355630;3556305;Valparaíso;12;RRAS 12;35021;CENTRAL DO DRS II;3502;ARAÇATUBA
355635;3556354;Vargem;16;RRAS 16;35071;BRAGANÇA;3507;CAMPINAS
355640;3556404;Vargem Grande do Sul;15;RRAS 15;35142;MANTIQUEIRA;3514;SÃO JOÃO DA BOA VISTA
355645;3556453;Vargem Grande Paulista;04;RRAS 04;35013;MANANCIAIS;3501;GRANDE SÃO PAULO
355650;3556503;Várzea Paulista;16;RRAS 16;35073;JUNDIAÍ;3507;CAMPINAS
355660;3556602;Vera Cruz;10;RRAS 10;35093;MARÍLIA;3509;MARÍLIA
355670;3556701;Vinhedo;15;RRAS 15;35072;REG METRO CAMPINAS;3507;CAMPINAS
355680;3556800;Viradouro;13;RRAS 13;35052;SUL-BARRETOS;3505;BARRETOS
355690;3556909;Vista Alegre do Alto;13;RRAS 13;35052;SUL-BARRETOS;3505;BARRETOS
355695;3556958;Vitória Brasil;12;RRAS 12;35153;JALES;3515;SÃO JOSÉ DO RIO PRETO
355700;3557006;Votorantim;08;RRAS 08;35163;SOROCABA;3516;SOROCABA
355710;3557105;Votuporanga;12;RRAS 12;35157;VOTUPORANGA;3515;SÃO JOSÉ DO RIO PRETO
355715;3557154;Zacarias;12;RRAS 12;35156;JOSÉ BONIFÁCIO;3515;SÃO JOSÉ DO RIO PRETO
355720;3557204;Chavantes;10;RRAS 10;35094;OURINHOS;3509;MARÍLIA
355730;3557303;Estiva Gerbi;15;RRAS 15;35141;BAIXA MOGIANA;3514;SÃO JOÃO DA BOA VISTA
