"","cod_mun","mun","cod_drs","drs","cod_rras","rras","cod_reg_saude","reg_saude"
"266",350010,"Adamantina",3509,"Marília",3510,"RRAS 10",35091,"Adamantina"
"540",350020,"Adolfo",3515,"São José do Rio Preto",3512,"RRAS 12",35156,"José Bonifácio"
"447",350030,"Aguaí",3514,"São João da Boa Vista",3515,"RRAS 15",35142,"Mantiqueira"
"441",350040,"Águas da Prata",3514,"São João da Boa Vista",3515,"RRAS 15",35142,"Mantiqueira"
"237",350050,"Águas de Lindóia",3507,"Campinas",3515,"RRAS 15",35074,"Circuito das Águas"
"131",350055,"Águas de Santa Bárbara",3506,"Bauru",3509,"RRAS 09",35061,"Vale do Jurumirim"
"344",350060,"Águas de São Pedro",3510,"Piracicaba",3514,"RRAS 14",35103,"Piracicaba"
"162",350070,"Agudos",3506,"Bauru",3509,"RRAS 09",35062,"Bauru"
"566",350075,"Alambari",3516,"Sorocaba",3508,"RRAS 08",35161,"Itapetininga"
"368",350080,"Alfredo Marcondes",3511,"Presidente Prudente",3511,"RRAS 11",35112,"Alta Sorocabana"
"122",350090,"Altair",3505,"Barretos",3513,"RRAS 13",35051,"Norte - Barretos"
"431",350100,"Altinópolis",3513,"Ribeirão Preto",3513,"RRAS 13",35133,"Vale das Cachoeiras"
"79",350110,"Alto Alegre",3502,"Araçatuba",3512,"RRAS 12",35023,"Consórcios do DRS II"
"594",350115,"Alumínio",3516,"Sorocaba",3508,"RRAS 08",35163,"Sorocaba"
"554",350120,"Álvares Florence",3515,"São José do Rio Preto",3512,"RRAS 12",35157,"Votuporanga"
"364",350130,"Álvares Machado",3511,"Presidente Prudente",3511,"RRAS 11",35112,"Alta Sorocabana"
"287",350140,"Álvaro de Carvalho",3509,"Marília",3510,"RRAS 10",35093,"Marília"
"303",350150,"Alvinlândia",3509,"Marília",3510,"RRAS 10",35093,"Marília"
"214",350160,"Americana",3507,"Campinas",3515,"RRAS 15",35072,"Reg Metro Campinas"
"81",350170,"Américo Brasiliense",3503,"Araraquara",3513,"RRAS 13",35031,"Central do DRS III"
"549",350180,"Américo de Campos",3515,"São José do Rio Preto",3512,"RRAS 12",35157,"Votuporanga"
"240",350190,"Amparo",3507,"Campinas",3515,"RRAS 15",35074,"Circuito das Águas"
"349",350200,"Analândia",3510,"Piracicaba",3514,"RRAS 14",35104,"Rio Claro"
"59",350210,"Andradina",3502,"Araçatuba",3512,"RRAS 12",35022,"Lagos do DRS II"
"567",350220,"Angatuba",3516,"Sorocaba",3508,"RRAS 08",35161,"Itapetininga"
"169",350230,"Anhembi",3506,"Bauru",3509,"RRAS 09",35063,"Polo Cuesta"
"370",350240,"Anhumas",3511,"Presidente Prudente",3511,"RRAS 11",35112,"Alta Sorocabana"
"623",350250,"Aparecida",3517,"Taubaté",3517,"RRAS 17",35172,"Circ. da Fé/V.Histórico"
"486",350260,"Aparecida d'Oeste",3515,"São José do Rio Preto",3512,"RRAS 12",35153,"Jales"
"584",350270,"Apiaí",3516,"Sorocaba",3508,"RRAS 08",35162,"Itapeva"
"605",350275,"Araçariguama",3516,"Sorocaba",3508,"RRAS 08",35163,"Sorocaba"
"46",350280,"Araçatuba",3502,"Araçatuba",3512,"RRAS 12",35021,"Central do DRS II"
"606",350290,"Araçoiaba da Serra",3516,"Sorocaba",3508,"RRAS 08",35163,"Sorocaba"
"257",350300,"Aramina",3508,"Franca",3513,"RRAS 13",35083,"Alta Mogiana"
"140",350310,"Arandu",3506,"Bauru",3509,"RRAS 09",35061,"Vale do Jurumirim"
"630",350315,"Arapeí",3517,"Taubaté",3517,"RRAS 17",35172,"Circ. da Fé/V.Histórico"
"86",350320,"Araraquara",3503,"Araraquara",3513,"RRAS 13",35031,"Central do DRS III"
"326",350330,"Araras",3510,"Piracicaba",3514,"RRAS 14",35101,"Araras"
"320",350335,"Arco-Íris",3509,"Marília",3510,"RRAS 10",35095,"Tupã"
"152",350340,"Arealva",3506,"Bauru",3509,"RRAS 09",35062,"Bauru"
"617",350350,"Areias",3517,"Taubaté",3517,"RRAS 17",35172,"Circ. da Fé/V.Histórico"
"176",350360,"Areiópolis",3506,"Bauru",3509,"RRAS 09",35063,"Polo Cuesta"
"466",350370,"Ariranha",3515,"São José do Rio Preto",3512,"RRAS 12",35151,"Catanduva"
"211",350380,"Artur Nogueira",3507,"Campinas",3515,"RRAS 15",35072,"Reg Metro Campinas"
"3",350390,"Arujá",3501,"Grande São Paulo",3502,"RRAS 02",35011,"Alto do Tietê"
"495",350395,"Aspásia",3515,"São José do Rio Preto",3512,"RRAS 12",35153,"Jales"
"280",350400,"Assis",3509,"Marília",3510,"RRAS 10",35092,"Assis"
"206",350410,"Atibaia",3507,"Campinas",3516,"RRAS 16",35071,"Bragança"
"45",350420,"Auriflama",3502,"Araçatuba",3512,"RRAS 12",35021,"Central do DRS II"
"161",350430,"Avaí",3506,"Bauru",3509,"RRAS 09",35062,"Bauru"
"75",350440,"Avanhandava",3502,"Araçatuba",3512,"RRAS 12",35023,"Consórcios do DRS II"
"147",350450,"Avaré",3506,"Bauru",3509,"RRAS 09",35061,"Vale do Jurumirim"
"529",350460,"Bady Bassitt",3515,"São José do Rio Preto",3512,"RRAS 12",35155,"São José do Rio Preto"
"148",350470,"Balbinos",3506,"Bauru",3509,"RRAS 09",35062,"Bauru"
"528",350480,"Bálsamo",3515,"São José do Rio Preto",3512,"RRAS 12",35155,"São José do Rio Preto"
"625",350490,"Bananal",3517,"Taubaté",3517,"RRAS 17",35172,"Circ. da Fé/V.Histórico"
"137",350500,"Barão de Antonina",3506,"Bauru",3509,"RRAS 09",35061,"Vale do Jurumirim"
"72",350510,"Barbosa",3502,"Araçatuba",3512,"RRAS 12",35023,"Consórcios do DRS II"
"189",350520,"Bariri",3506,"Bauru",3509,"RRAS 09",35064,"Jaú"
"181",350530,"Barra Bonita",3506,"Bauru",3509,"RRAS 09",35064,"Jaú"
"578",350535,"Barra do Chapéu",3516,"Sorocaba",3508,"RRAS 08",35162,"Itapeva"
"400",350540,"Barra do Turvo",3512,"Registro",3507,"RRAS 07",35121,"Vale do Ribeira"
"117",350550,"Barretos",3505,"Barretos",3513,"RRAS 13",35051,"Norte - Barretos"
"414",350560,"Barrinha",3513,"Ribeirão Preto",3513,"RRAS 13",35131,"Horizonte Verde"
"30",350570,"Barueri",3501,"Grande São Paulo",3505,"RRAS 05",35014,"Rota dos Bandeirantes"
"319",350580,"Bastos",3509,"Marília",3510,"RRAS 10",35095,"Tupã"
"432",350590,"Batatais",3513,"Ribeirão Preto",3513,"RRAS 13",35133,"Vale das Cachoeiras"
"160",350600,"Bauru",3506,"Bauru",3509,"RRAS 09",35062,"Bauru"
"124",350610,"Bebedouro",3505,"Barretos",3513,"RRAS 13",35052,"Sul - Barretos"
"43",350620,"Bento de Abreu",3502,"Araçatuba",3512,"RRAS 12",35021,"Central do DRS II"
"316",350630,"Bernardino de Campos",3509,"Marília",3510,"RRAS 10",35094,"Ourinhos"
"106",350635,"Bertioga",3504,"Baixada Santista",3507,"RRAS 07",35041,"Baixada Santista"
"47",350640,"Bilac",3502,"Araçatuba",3512,"RRAS 12",35021,"Central do DRS II"
"65",350650,"Birigui",3502,"Araçatuba",3512,"RRAS 12",35023,"Consórcios do DRS II"
"10",350660,"Biritiba-Mirim",3501,"Grande São Paulo",3502,"RRAS 02",35011,"Alto do Tietê"
"82",350670,"Boa Esperança do Sul",3503,"Araraquara",3513,"RRAS 13",35031,"Central do DRS III"
"184",350680,"Bocaina",3506,"Bauru",3509,"RRAS 09",35064,"Jaú"
"175",350690,"Bofete",3506,"Bauru",3509,"RRAS 09",35063,"Polo Cuesta"
"600",350700,"Boituva",3516,"Sorocaba",3508,"RRAS 08",35163,"Sorocaba"
"202",350710,"Bom Jesus dos Perdões",3507,"Campinas",3516,"RRAS 16",35071,"Bragança"
"574",350715,"Bom Sucesso de Itararé",3516,"Sorocaba",3508,"RRAS 08",35162,"Itapeva"
"283",350720,"Borá",3509,"Marília",3510,"RRAS 10",35092,"Assis"
"188",350730,"Boracéia",3506,"Bauru",3509,"RRAS 09",35064,"Jaú"
"88",350740,"Borborema",3503,"Araraquara",3513,"RRAS 13",35032,"Centro Oeste do DRS III"
"154",350745,"Borebi",3506,"Bauru",3509,"RRAS 09",35062,"Bauru"
"172",350750,"Botucatu",3506,"Bauru",3509,"RRAS 09",35063,"Polo Cuesta"
"209",350760,"Bragança Paulista",3507,"Campinas",3516,"RRAS 16",35071,"Bragança"
"69",350770,"Braúna",3502,"Araçatuba",3512,"RRAS 12",35023,"Consórcios do DRS II"
"66",350775,"Brejo Alegre",3502,"Araçatuba",3512,"RRAS 12",35023,"Consórcios do DRS II"
"434",350780,"Brodowski",3513,"Ribeirão Preto",3513,"RRAS 13",35133,"Vale das Cachoeiras"
"190",350790,"Brotas",3506,"Bauru",3509,"RRAS 09",35064,"Jaú"
"573",350800,"Buri",3516,"Sorocaba",3508,"RRAS 08",35162,"Itapeva"
"77",350810,"Buritama",3502,"Araçatuba",3512,"RRAS 12",35023,"Consórcios do DRS II"
"259",350820,"Buritizal",3508,"Franca",3513,"RRAS 13",35083,"Alta Mogiana"
"157",350830,"Cabrália Paulista",3506,"Bauru",3509,"RRAS 09",35062,"Bauru"
"231",350840,"Cabreúva",3507,"Campinas",3516,"RRAS 16",35073,"Jundiaí"
"613",350850,"Caçapava",3517,"Taubaté",3517,"RRAS 17",35171,"Alto Vale do Paraíba"
"627",350860,"Cachoeira Paulista",3517,"Taubaté",3517,"RRAS 17",35172,"Circ. da Fé/V.Histórico"
"453",350870,"Caconde",3514,"São João da Boa Vista",3515,"RRAS 15",35143,"Rio Pardo"
"194",350880,"Cafelândia",3506,"Bauru",3509,"RRAS 09",35065,"Lins"
"375",350890,"Caiabu",3511,"Presidente Prudente",3511,"RRAS 11",35112,"Alta Sorocabana"
"12",350900,"Caieiras",3501,"Grande São Paulo",3503,"RRAS 03",35012,"Franco da Rocha"
"387",350910,"Caiuá",3511,"Presidente Prudente",3511,"RRAS 11",35114,"Extremo Oeste Paulista"
"16",350920,"Cajamar",3501,"Grande São Paulo",3503,"RRAS 03",35012,"Franco da Rocha"
"397",350925,"Cajati",3512,"Registro",3507,"RRAS 07",35121,"Vale do Ribeira"
"118",350930,"Cajobi",3505,"Barretos",3513,"RRAS 13",35051,"Norte - Barretos"
"435",350940,"Cajuru",3513,"Ribeirão Preto",3513,"RRAS 13",35133,"Vale das Cachoeiras"
"561",350945,"Campina do Monte Alegre",3516,"Sorocaba",3508,"RRAS 08",35161,"Itapetininga"
"225",350950,"Campinas",3507,"Campinas",3515,"RRAS 15",35072,"Reg Metro Campinas"
"232",350960,"Campo Limpo Paulista",3507,"Campinas",3516,"RRAS 16",35073,"Jundiaí"
"637",350970,"Campos do Jordão",3517,"Taubaté",3517,"RRAS 17",35174,"V. Paraíba-Reg. Serrana"
"293",350980,"Campos Novos Paulista",3509,"Marília",3510,"RRAS 10",35093,"Marília"
"401",350990,"Cananéia",3512,"Registro",3507,"RRAS 07",35121,"Vale do Ribeira"
"620",350995,"Canas",3517,"Taubaté",3517,"RRAS 17",35172,"Circ. da Fé/V.Histórico"
"276",351000,"Cândido Mota",3509,"Marília",3510,"RRAS 10",35092,"Assis"
"94",351010,"Cândido Rodrigues",3503,"Araraquara",3513,"RRAS 13",35033,"Norte do DRS III"
"309",351015,"Canitar",3509,"Marília",3510,"RRAS 10",35094,"Ourinhos"
"569",351020,"Capão Bonito",3516,"Sorocaba",3508,"RRAS 08",35161,"Itapetininga"
"588",351030,"Capela do Alto",3516,"Sorocaba",3508,"RRAS 08",35163,"Sorocaba"
"337",351040,"Capivari",3510,"Piracicaba",3514,"RRAS 14",35103,"Piracicaba"
"635",351050,"Caraguatatuba",3517,"Taubaté",3517,"RRAS 17",35173,"Litoral Norte"
"26",351060,"Carapicuíba",3501,"Grande São Paulo",3505,"RRAS 05",35014,"Rota dos Bandeirantes"
"550",351070,"Cardoso",3515,"São José do Rio Preto",3512,"RRAS 12",35157,"Votuporanga"
"449",351080,"Casa Branca",3514,"São João da Boa Vista",3515,"RRAS 15",35143,"Rio Pardo"
"433",351090,"Cássia dos Coqueiros",3513,"Ribeirão Preto",3513,"RRAS 13",35133,"Vale das Cachoeiras"
"51",351100,"Castilho",3502,"Araçatuba",3512,"RRAS 12",35022,"Lagos do DRS II"
"458",351110,"Catanduva",3515,"São José do Rio Preto",3512,"RRAS 12",35151,"Catanduva"
"472",351120,"Catiguá",3515,"São José do Rio Preto",3512,"RRAS 12",35151,"Catanduva"
"519",351130,"Cedral",3515,"São José do Rio Preto",3512,"RRAS 12",35155,"São José do Rio Preto"
"138",351140,"Cerqueira César",3506,"Bauru",3509,"RRAS 09",35061,"Vale do Jurumirim"
"560",351150,"Cerquilho",3516,"Sorocaba",3508,"RRAS 08",35161,"Itapetininga"
"564",351160,"Cesário Lange",3516,"Sorocaba",3508,"RRAS 08",35161,"Itapetininga"
"339",351170,"Charqueada",3510,"Piracicaba",3514,"RRAS 14",35103,"Piracicaba"
"76",351190,"Clementina",3502,"Araçatuba",3512,"RRAS 12",35023,"Consórcios do DRS II"
"116",351200,"Colina",3505,"Barretos",3513,"RRAS 13",35051,"Norte - Barretos"
"113",351210,"Colômbia",3505,"Barretos",3513,"RRAS 13",35051,"Norte - Barretos"
"328",351220,"Conchal",3510,"Piracicaba",3514,"RRAS 14",35101,"Araras"
"166",351230,"Conchas",3506,"Bauru",3509,"RRAS 09",35063,"Polo Cuesta"
"333",351240,"Cordeirópolis",3510,"Piracicaba",3514,"RRAS 14",35102,"Limeira"
"74",351250,"Coroados",3502,"Araçatuba",3512,"RRAS 12",35023,"Consórcios do DRS II"
"135",351260,"Coronel Macedo",3506,"Bauru",3509,"RRAS 09",35061,"Vale do Jurumirim"
"345",351270,"Corumbataí",3510,"Piracicaba",3514,"RRAS 14",35104,"Rio Claro"
"217",351280,"Cosmópolis",3507,"Campinas",3515,"RRAS 15",35072,"Reg Metro Campinas"
"552",351290,"Cosmorama",3515,"São José do Rio Preto",3512,"RRAS 12",35157,"Votuporanga"
"24",351300,"Cotia",3501,"Grande São Paulo",3504,"RRAS 04",35013,"Mananciais"
"426",351310,"Cravinhos",3513,"Ribeirão Preto",3513,"RRAS 13",35132,"Aquífero Guarani"
"249",351320,"Cristais Paulista",3508,"Franca",3513,"RRAS 13",35081,"Três Colinas"
"279",351330,"Cruzália",3509,"Marília",3510,"RRAS 10",35092,"Assis"
"616",351340,"Cruzeiro",3517,"Taubaté",3517,"RRAS 17",35172,"Circ. da Fé/V.Histórico"
"104",351350,"Cubatão",3504,"Baixada Santista",3507,"RRAS 07",35041,"Baixada Santista"
"631",351360,"Cunha",3517,"Taubaté",3517,"RRAS 17",35172,"Circ. da Fé/V.Histórico"
"101",351370,"Descalvado",3503,"Araraquara",3513,"RRAS 13",35034,"Coração do DRS III"
"33",351380,"Diadema",3501,"Grande São Paulo",3501,"RRAS 01",35015,"Grande ABC"
"484",351385,"Dirce Reis",3515,"São José do Rio Preto",3512,"RRAS 12",35153,"Jales"
"456",351390,"Divinolândia",3514,"São João da Boa Vista",3515,"RRAS 15",35143,"Rio Pardo"
"96",351400,"Dobrada",3503,"Araraquara",3513,"RRAS 13",35033,"Norte do DRS III"
"183",351410,"Dois Córregos",3506,"Bauru",3509,"RRAS 09",35064,"Jaú"
"490",351420,"Dolcinópolis",3515,"São José do Rio Preto",3512,"RRAS 12",35153,"Jales"
"99",351430,"Dourado",3503,"Araraquara",3513,"RRAS 13",35034,"Coração do DRS III"
"360",351440,"Dracena",3511,"Presidente Prudente",3511,"RRAS 11",35111,"Alta Paulista"
"151",351450,"Duartina",3506,"Bauru",3509,"RRAS 09",35062,"Bauru"
"412",351460,"Dumont",3513,"Ribeirão Preto",3513,"RRAS 13",35131,"Horizonte Verde"
"285",351470,"Echaporã",3509,"Marília",3510,"RRAS 10",35093,"Marília"
"403",351480,"Eldorado",3512,"Registro",3507,"RRAS 07",35121,"Vale do Ribeira"
"341",351490,"Elias Fausto",3510,"Piracicaba",3514,"RRAS 14",35103,"Piracicaba"
"468",351492,"Elisiário",3515,"São José do Rio Preto",3512,"RRAS 12",35151,"Catanduva"
"461",351495,"Embaúba",3515,"São José do Rio Preto",3512,"RRAS 12",35151,"Catanduva"
"17",351500,"Embu das Artes",3501,"Grande São Paulo",3504,"RRAS 04",35013,"Mananciais"
"23",351510,"Embu-Guaçu",3501,"Grande São Paulo",3504,"RRAS 04",35013,"Mananciais"
"376",351512,"Emilianópolis",3511,"Presidente Prudente",3511,"RRAS 11",35112,"Alta Sorocabana"
"330",351515,"Engenheiro Coelho",3510,"Piracicaba",3514,"RRAS 14",35102,"Limeira"
"442",351518,"Espírito Santo do Pinhal",3514,"São João da Boa Vista",3515,"RRAS 15",35142,"Mantiqueira"
"308",351519,"Espírito Santo do Turvo",3509,"Marília",3510,"RRAS 10",35094,"Ourinhos"
"508",351520,"Estrela d'Oeste",3515,"São José do Rio Preto",3512,"RRAS 12",35154,"Fernandópolis"
"366",351530,"Estrela do Norte",3511,"Presidente Prudente",3511,"RRAS 11",35112,"Alta Sorocabana"
"392",351535,"Euclides da Cunha Paulista",3511,"Presidente Prudente",3511,"RRAS 11",35115,"Pontal do Paranapanema"
"144",351540,"Fartura",3506,"Bauru",3509,"RRAS 09",35061,"Vale do Jurumirim"
"507",351550,"Fernandópolis",3515,"São José do Rio Preto",3512,"RRAS 12",35154,"Fernandópolis"
"459",351560,"Fernando Prestes",3515,"São José do Rio Preto",3512,"RRAS 12",35151,"Catanduva"
"289",351565,"Fernão",3509,"Marília",3510,"RRAS 10",35093,"Marília"
"1",351570,"Ferraz de Vasconcelos",3501,"Grande São Paulo",3502,"RRAS 02",35011,"Alto do Tietê"
"352",351580,"Flora Rica",3511,"Presidente Prudente",3511,"RRAS 11",35111,"Alta Paulista"
"551",351590,"Floreal",3515,"São José do Rio Preto",3512,"RRAS 12",35157,"Votuporanga"
"263",351600,"Flórida Paulista",3509,"Marília",3510,"RRAS 10",35091,"Adamantina"
"277",351610,"Florínia",3509,"Marília",3510,"RRAS 10",35092,"Assis"
"246",351620,"Franca",3508,"Franca",3513,"RRAS 13",35081,"Três Colinas"
"15",351630,"Francisco Morato",3501,"Grande São Paulo",3503,"RRAS 03",35012,"Franco da Rocha"
"14",351640,"Franco da Rocha",3501,"Grande São Paulo",3503,"RRAS 03",35012,"Franco da Rocha"
"68",351650,"Gabriel Monteiro",3502,"Araçatuba",3512,"RRAS 12",35023,"Consórcios do DRS II"
"299",351660,"Gália",3509,"Marília",3510,"RRAS 10",35093,"Marília"
"300",351670,"Garça",3509,"Marília",3510,"RRAS 10",35093,"Marília"
"557",351680,"Gastão Vidigal",3515,"São José do Rio Preto",3512,"RRAS 12",35157,"Votuporanga"
"84",351685,"Gavião Peixoto",3503,"Araraquara",3513,"RRAS 13",35031,"Central do DRS III"
"545",351690,"General Salgado",3515,"São José do Rio Preto",3512,"RRAS 12",35157,"Votuporanga"
"193",351700,"Getulina",3506,"Bauru",3509,"RRAS 09",35065,"Lins"
"71",351710,"Glicério",3502,"Araçatuba",3512,"RRAS 12",35023,"Consórcios do DRS II"
"198",351720,"Guaiçara",3506,"Bauru",3509,"RRAS 09",35065,"Lins"
"302",351730,"Guaimbê",3509,"Marília",3510,"RRAS 10",35093,"Marília"
"121",351740,"Guaíra",3505,"Barretos",3513,"RRAS 13",35051,"Norte - Barretos"
"513",351750,"Guapiaçu",3515,"São José do Rio Preto",3512,"RRAS 12",35155,"São José do Rio Preto"
"583",351760,"Guapiara",3516,"Sorocaba",3508,"RRAS 08",35162,"Itapeva"
"262",351770,"Guará",3508,"Franca",3513,"RRAS 13",35083,"Alta Mogiana"
"52",351780,"Guaraçaí",3502,"Araçatuba",3512,"RRAS 12",35022,"Lagos do DRS II"
"119",351790,"Guaraci",3505,"Barretos",3513,"RRAS 13",35051,"Norte - Barretos"
"509",351800,"Guarani d'Oeste",3515,"São José do Rio Preto",3512,"RRAS 12",35154,"Fernandópolis"
"301",351810,"Guarantã",3509,"Marília",3510,"RRAS 10",35093,"Marília"
"49",351820,"Guararapes",3502,"Araçatuba",3512,"RRAS 12",35021,"Central do DRS II"
"5",351830,"Guararema",3501,"Grande São Paulo",3502,"RRAS 02",35011,"Alto do Tietê"
"618",351840,"Guaratinguetá",3517,"Taubaté",3517,"RRAS 17",35172,"Circ. da Fé/V.Histórico"
"570",351850,"Guareí",3516,"Sorocaba",3508,"RRAS 08",35161,"Itapetininga"
"419",351860,"Guariba",3513,"Ribeirão Preto",3513,"RRAS 13",35131,"Horizonte Verde"
"107",351870,"Guarujá",3504,"Baixada Santista",3507,"RRAS 07",35041,"Baixada Santista"
"9",351880,"Guarulhos",3501,"Grande São Paulo",3502,"RRAS 02",35011,"Alto do Tietê"
"421",351885,"Guatapará",3513,"Ribeirão Preto",3513,"RRAS 13",35132,"Aquífero Guarani"
"48",351890,"Guzolândia",3502,"Araçatuba",3512,"RRAS 12",35021,"Central do DRS II"
"324",351900,"Herculândia",3509,"Marília",3510,"RRAS 10",35095,"Tupã"
"218",351905,"Holambra",3507,"Campinas",3515,"RRAS 15",35072,"Reg Metro Campinas"
"220",351907,"Hortolândia",3507,"Campinas",3515,"RRAS 15",35072,"Reg Metro Campinas"
"149",351910,"Iacanga",3506,"Bauru",3509,"RRAS 09",35062,"Bauru"
"321",351920,"Iacri",3509,"Marília",3510,"RRAS 10",35095,"Tupã"
"136",351925,"Iaras",3506,"Bauru",3509,"RRAS 09",35061,"Vale do Jurumirim"
"102",351930,"Ibaté",3503,"Araraquara",3513,"RRAS 13",35034,"Coração do DRS III"
"512",351940,"Ibirá",3515,"São José do Rio Preto",3512,"RRAS 12",35155,"São José do Rio Preto"
"305",351950,"Ibirarema",3509,"Marília",3510,"RRAS 10",35094,"Ourinhos"
"89",351960,"Ibitinga",3503,"Araraquara",3513,"RRAS 13",35032,"Centro Oeste do DRS III"
"590",351970,"Ibiúna",3516,"Sorocaba",3508,"RRAS 08",35163,"Sorocaba"
"526",351980,"Icém",3515,"São José do Rio Preto",3512,"RRAS 12",35155,"São José do Rio Preto"
"383",351990,"Iepê",3511,"Presidente Prudente",3511,"RRAS 11",35113,"Alto Capivari"
"180",352000,"Igaraçu do Tietê",3506,"Bauru",3509,"RRAS 09",35064,"Jaú"
"261",352010,"Igarapava",3508,"Franca",3513,"RRAS 13",35083,"Alta Mogiana"
"609",352020,"Igaratá",3517,"Taubaté",3517,"RRAS 17",35171,"Alto Vale do Paraíba"
"410",352030,"Iguape",3512,"Registro",3507,"RRAS 07",35121,"Vale do Ribeira"
"633",352040,"Ilhabela",3517,"Taubaté",3517,"RRAS 17",35173,"Litoral Norte"
"409",352042,"Ilha Comprida",3512,"Registro",3507,"RRAS 07",35121,"Vale do Ribeira"
"56",352044,"Ilha Solteira",3502,"Araçatuba",3512,"RRAS 12",35022,"Lagos do DRS II"
"212",352050,"Indaiatuba",3507,"Campinas",3515,"RRAS 15",35072,"Reg Metro Campinas"
"373",352060,"Indiana",3511,"Presidente Prudente",3511,"RRAS 11",35112,"Alta Sorocabana"
"502",352070,"Indiaporã",3515,"São José do Rio Preto",3512,"RRAS 12",35154,"Fernandópolis"
"271",352080,"Inúbia Paulista",3509,"Marília",3510,"RRAS 10",35091,"Adamantina"
"315",352090,"Ipaussu",3509,"Marília",3510,"RRAS 10",35094,"Ourinhos"
"598",352100,"Iperó",3516,"Sorocaba",3508,"RRAS 08",35163,"Sorocaba"
"346",352110,"Ipeúna",3510,"Piracicaba",3514,"RRAS 14",35104,"Rio Claro"
"521",352115,"Ipiguá",3515,"São José do Rio Preto",3512,"RRAS 12",35155,"São José do Rio Preto"
"402",352120,"Iporanga",3512,"Registro",3507,"RRAS 07",35121,"Vale do Ribeira"
"256",352130,"Ipuã",3508,"Franca",3513,"RRAS 13",35082,"Alta Anhanguera"
"332",352140,"Iracemápolis",3510,"Piracicaba",3514,"RRAS 14",35102,"Limeira"
"460",352150,"Irapuã",3515,"São José do Rio Preto",3512,"RRAS 12",35151,"Catanduva"
"351",352160,"Irapuru",3511,"Presidente Prudente",3511,"RRAS 11",35111,"Alta Paulista"
"579",352170,"Itaberá",3516,"Sorocaba",3508,"RRAS 08",35162,"Itapeva"
"146",352180,"Itaí",3506,"Bauru",3509,"RRAS 09",35061,"Vale do Jurumirim"
"469",352190,"Itajobi",3515,"São José do Rio Preto",3512,"RRAS 12",35151,"Catanduva"
"179",352200,"Itaju",3506,"Bauru",3509,"RRAS 09",35064,"Jaú"
"105",352210,"Itanhaém",3504,"Baixada Santista",3507,"RRAS 07",35041,"Baixada Santista"
"580",352215,"Itaóca",3516,"Sorocaba",3508,"RRAS 08",35162,"Itapeva"
"19",352220,"Itapecerica da Serra",3501,"Grande São Paulo",3504,"RRAS 04",35013,"Mananciais"
"559",352230,"Itapetininga",3516,"Sorocaba",3508,"RRAS 08",35161,"Itapetininga"
"576",352240,"Itapeva",3516,"Sorocaba",3508,"RRAS 08",35162,"Itapeva"
"28",352250,"Itapevi",3501,"Grande São Paulo",3505,"RRAS 05",35014,"Rota dos Bandeirantes"
"438",352260,"Itapira",3514,"São João da Boa Vista",3515,"RRAS 15",35141,"Baixa Mogiana"
"577",352265,"Itapirapuã Paulista",3516,"Sorocaba",3508,"RRAS 08",35162,"Itapeva"
"92",352270,"Itápolis",3503,"Araraquara",3513,"RRAS 13",35032,"Centro Oeste do DRS III"
"141",352280,"Itaporanga",3506,"Bauru",3509,"RRAS 09",35061,"Vale do Jurumirim"
"182",352290,"Itapuí",3506,"Bauru",3509,"RRAS 09",35064,"Jaú"
"58",352300,"Itapura",3502,"Araçatuba",3512,"RRAS 12",35022,"Lagos do DRS II"
"11",352310,"Itaquaquecetuba",3501,"Grande São Paulo",3502,"RRAS 02",35011,"Alto do Tietê"
"582",352320,"Itararé",3516,"Sorocaba",3508,"RRAS 08",35162,"Itapeva"
"398",352330,"Itariri",3512,"Registro",3507,"RRAS 07",35121,"Vale do Ribeira"
"221",352340,"Itatiba",3507,"Campinas",3515,"RRAS 15",35072,"Reg Metro Campinas"
"167",352350,"Itatinga",3506,"Bauru",3509,"RRAS 09",35063,"Polo Cuesta"
"347",352360,"Itirapina",3510,"Piracicaba",3514,"RRAS 14",35104,"Rio Claro"
"241",352370,"Itirapuã",3508,"Franca",3513,"RRAS 13",35081,"Três Colinas"
"451",352380,"Itobi",3514,"São João da Boa Vista",3515,"RRAS 15",35143,"Rio Pardo"
"587",352390,"Itu",3516,"Sorocaba",3508,"RRAS 08",35163,"Sorocaba"
"229",352400,"Itupeva",3507,"Campinas",3516,"RRAS 16",35073,"Jundiaí"
"260",352410,"Ituverava",3508,"Franca",3513,"RRAS 13",35083,"Alta Mogiana"
"115",352420,"Jaborandi",3505,"Barretos",3513,"RRAS 13",35051,"Norte - Barretos"
"411",352430,"Jaboticabal",3513,"Ribeirão Preto",3513,"RRAS 13",35131,"Horizonte Verde"
"611",352440,"Jacareí",3517,"Taubaté",3517,"RRAS 17",35171,"Alto Vale do Paraíba"
"536",352450,"Jaci",3515,"São José do Rio Preto",3512,"RRAS 12",35156,"José Bonifácio"
"405",352460,"Jacupiranga",3512,"Registro",3507,"RRAS 07",35121,"Vale do Ribeira"
"219",352470,"Jaguariúna",3507,"Campinas",3515,"RRAS 15",35072,"Reg Metro Campinas"
"497",352480,"Jales",3515,"São José do Rio Preto",3512,"RRAS 12",35153,"Jales"
"607",352490,"Jambeiro",3517,"Taubaté",3517,"RRAS 17",35171,"Alto Vale do Paraíba"
"31",352500,"Jandira",3501,"Grande São Paulo",3505,"RRAS 05",35014,"Rota dos Bandeirantes"
"428",352510,"Jardinópolis",3513,"Ribeirão Preto",3513,"RRAS 13",35132,"Aquífero Guarani"
"233",352520,"Jarinu",3507,"Campinas",3516,"RRAS 16",35073,"Jundiaí"
"186",352530,"Jaú",3506,"Bauru",3509,"RRAS 09",35064,"Jaú"
"244",352540,"Jeriquara",3508,"Franca",3513,"RRAS 13",35081,"Três Colinas"
"204",352550,"Joanópolis",3507,"Campinas",3516,"RRAS 16",35071,"Bragança"
"385",352560,"João Ramalho",3511,"Presidente Prudente",3511,"RRAS 11",35113,"Alto Capivari"
"541",352570,"José Bonifácio",3515,"São José do Rio Preto",3512,"RRAS 12",35156,"José Bonifácio"
"292",352580,"Júlio Mesquita",3509,"Marília",3510,"RRAS 10",35093,"Marília"
"603",352585,"Jumirim",3516,"Sorocaba",3508,"RRAS 08",35163,"Sorocaba"
"230",352590,"Jundiaí",3507,"Campinas",3516,"RRAS 16",35073,"Jundiaí"
"358",352600,"Junqueirópolis",3511,"Presidente Prudente",3511,"RRAS 11",35111,"Alta Paulista"
"407",352610,"Juquiá",3512,"Registro",3507,"RRAS 07",35121,"Vale do Ribeira"
"22",352620,"Juquitiba",3501,"Grande São Paulo",3504,"RRAS 04",35013,"Mananciais"
"640",352630,"Lagoinha",3517,"Taubaté",3517,"RRAS 17",35174,"V. Paraíba-Reg. Serrana"
"177",352640,"Laranjal Paulista",3506,"Bauru",3509,"RRAS 09",35063,"Polo Cuesta"
"53",352650,"Lavínia",3502,"Araçatuba",3512,"RRAS 12",35022,"Lagos do DRS II"
"619",352660,"Lavrinhas",3517,"Taubaté",3517,"RRAS 17",35172,"Circ. da Fé/V.Histórico"
"329",352670,"Leme",3510,"Piracicaba",3514,"RRAS 14",35101,"Araras"
"150",352680,"Lençóis Paulista",3506,"Bauru",3509,"RRAS 09",35062,"Bauru"
"331",352690,"Limeira",3510,"Piracicaba",3514,"RRAS 14",35102,"Limeira"
"239",352700,"Lindóia",3507,"Campinas",3515,"RRAS 15",35074,"Circuito das Águas"
"192",352710,"Lins",3506,"Bauru",3509,"RRAS 09",35065,"Lins"
"624",352720,"Lorena",3517,"Taubaté",3517,"RRAS 17",35172,"Circ. da Fé/V.Histórico"
"78",352725,"Lourdes",3502,"Araçatuba",3512,"RRAS 12",35023,"Consórcios do DRS II"
"234",352730,"Louveira",3507,"Campinas",3516,"RRAS 16",35073,"Jundiaí"
"265",352740,"Lucélia",3509,"Marília",3510,"RRAS 10",35091,"Adamantina"
"159",352750,"Lucianópolis",3506,"Bauru",3509,"RRAS 09",35062,"Bauru"
"425",352760,"Luís Antônio",3513,"Ribeirão Preto",3513,"RRAS 13",35132,"Aquífero Guarani"
"67",352770,"Luiziânia",3502,"Araçatuba",3512,"RRAS 12",35023,"Consórcios do DRS II"
"298",352780,"Lupércio",3509,"Marília",3510,"RRAS 10",35093,"Marília"
"275",352790,"Lutécia",3509,"Marília",3510,"RRAS 10",35092,"Assis"
"156",352800,"Macatuba",3506,"Bauru",3509,"RRAS 09",35062,"Bauru"
"547",352810,"Macaubal",3515,"São José do Rio Preto",3512,"RRAS 12",35157,"Votuporanga"
"499",352820,"Macedônia",3515,"São José do Rio Preto",3512,"RRAS 12",35154,"Fernandópolis"
"542",352830,"Magda",3515,"São José do Rio Preto",3512,"RRAS 12",35157,"Votuporanga"
"597",352840,"Mairinque",3516,"Sorocaba",3508,"RRAS 08",35163,"Sorocaba"
"13",352850,"Mairiporã",3501,"Grande São Paulo",3503,"RRAS 03",35012,"Franco da Rocha"
"139",352860,"Manduri",3506,"Bauru",3509,"RRAS 09",35061,"Vale do Jurumirim"
"390",352870,"Marabá Paulista",3511,"Presidente Prudente",3511,"RRAS 11",35114,"Extremo Oeste Paulista"
"281",352880,"Maracaí",3509,"Marília",3510,"RRAS 10",35092,"Assis"
"462",352885,"Marapoama",3515,"São José do Rio Preto",3512,"RRAS 12",35151,"Catanduva"
"269",352890,"Mariápolis",3509,"Marília",3510,"RRAS 10",35091,"Adamantina"
"288",352900,"Marília",3509,"Marília",3510,"RRAS 10",35093,"Marília"
"483",352910,"Marinópolis",3515,"São José do Rio Preto",3512,"RRAS 12",35153,"Jales"
"367",352920,"Martinópolis",3511,"Presidente Prudente",3511,"RRAS 11",35112,"Alta Sorocabana"
"93",352930,"Matão",3503,"Araraquara",3513,"RRAS 13",35033,"Norte do DRS III"
"35",352940,"Mauá",3501,"Grande São Paulo",3501,"RRAS 01",35015,"Grande ABC"
"532",352950,"Mendonça",3515,"São José do Rio Preto",3512,"RRAS 12",35156,"José Bonifácio"
"500",352960,"Meridiano",3515,"São José do Rio Preto",3512,"RRAS 12",35154,"Fernandópolis"
"494",352965,"Mesópolis",3515,"São José do Rio Preto",3512,"RRAS 12",35153,"Jales"
"258",352970,"Miguelópolis",3508,"Franca",3513,"RRAS 13",35083,"Alta Mogiana"
"187",352980,"Mineiros do Tietê",3506,"Bauru",3509,"RRAS 09",35064,"Jaú"
"404",352990,"Miracatu",3512,"Registro",3507,"RRAS 07",35121,"Vale do Ribeira"
"501",353000,"Mira Estrela",3515,"São José do Rio Preto",3512,"RRAS 12",35154,"Fernandópolis"
"60",353010,"Mirandópolis",3502,"Araçatuba",3512,"RRAS 12",35022,"Lagos do DRS II"
"393",353020,"Mirante do Paranapanema",3511,"Presidente Prudente",3511,"RRAS 11",35115,"Pontal do Paranapanema"
"525",353030,"Mirassol",3515,"São José do Rio Preto",3512,"RRAS 12",35155,"São José do Rio Preto"
"515",353040,"Mirassolândia",3515,"São José do Rio Preto",3512,"RRAS 12",35155,"São José do Rio Preto"
"455",353050,"Mococa",3514,"São João da Boa Vista",3515,"RRAS 15",35143,"Rio Pardo"
"8",353060,"Mogi das Cruzes",3501,"Grande São Paulo",3502,"RRAS 02",35011,"Alto do Tietê"
"439",353070,"Mogi Guaçu",3514,"São João da Boa Vista",3515,"RRAS 15",35141,"Baixa Mogiana"
"437",353080,"Moji Mirim",3514,"São João da Boa Vista",3515,"RRAS 15",35141,"Baixa Mogiana"
"336",353090,"Mombuca",3510,"Piracicaba",3514,"RRAS 14",35103,"Piracicaba"
"548",353100,"Monções",3515,"São José do Rio Preto",3512,"RRAS 12",35157,"Votuporanga"
"111",353110,"Mongaguá",3504,"Baixada Santista",3507,"RRAS 07",35041,"Baixada Santista"
"238",353120,"Monte Alegre do Sul",3507,"Campinas",3515,"RRAS 15",35074,"Circuito das Águas"
"413",353130,"Monte Alto",3513,"Ribeirão Preto",3513,"RRAS 13",35131,"Horizonte Verde"
"537",353140,"Monte Aprazível",3515,"São José do Rio Preto",3512,"RRAS 12",35156,"José Bonifácio"
"129",353150,"Monte Azul Paulista",3505,"Barretos",3513,"RRAS 13",35052,"Sul - Barretos"
"361",353160,"Monte Castelo",3511,"Presidente Prudente",3511,"RRAS 11",35111,"Alta Paulista"
"612",353170,"Monteiro Lobato",3517,"Taubaté",3517,"RRAS 17",35171,"Alto Vale do Paraíba"
"215",353180,"Monte Mor",3507,"Campinas",3515,"RRAS 15",35072,"Reg Metro Campinas"
"255",353190,"Morro Agudo",3508,"Franca",3513,"RRAS 13",35082,"Alta Anhanguera"
"210",353200,"Morungaba",3507,"Campinas",3515,"RRAS 15",35072,"Reg Metro Campinas"
"85",353205,"Motuca",3503,"Araraquara",3513,"RRAS 13",35031,"Central do DRS III"
"57",353210,"Murutinga do Sul",3502,"Araçatuba",3512,"RRAS 12",35022,"Lagos do DRS II"
"382",353215,"Nantes",3511,"Presidente Prudente",3511,"RRAS 11",35113,"Alto Capivari"
"378",353220,"Narandiba",3511,"Presidente Prudente",3511,"RRAS 11",35112,"Alta Sorocabana"
"644",353230,"Natividade da Serra",3517,"Taubaté",3517,"RRAS 17",35174,"V. Paraíba-Reg. Serrana"
"208",353240,"Nazaré Paulista",3507,"Campinas",3516,"RRAS 16",35071,"Bragança"
"518",353250,"Neves Paulista",3515,"São José do Rio Preto",3512,"RRAS 12",35155,"São José do Rio Preto"
"555",353260,"Nhandeara",3515,"São José do Rio Preto",3512,"RRAS 12",35157,"Votuporanga"
"533",353270,"Nipoã",3515,"São José do Rio Preto",3512,"RRAS 12",35156,"José Bonifácio"
"517",353280,"Nova Aliança",3515,"São José do Rio Preto",3512,"RRAS 12",35155,"São José do Rio Preto"
"575",353282,"Nova Campina",3516,"Sorocaba",3508,"RRAS 08",35162,"Itapeva"
"476",353284,"Nova Canaã Paulista",3515,"São José do Rio Preto",3512,"RRAS 12",35152,"Santa Fé do Sul"
"40",353286,"Nova Castilho",3502,"Araçatuba",3512,"RRAS 12",35021,"Central do DRS II"
"90",353290,"Nova Europa",3503,"Araraquara",3513,"RRAS 13",35032,"Centro Oeste do DRS III"
"516",353300,"Nova Granada",3515,"São José do Rio Preto",3512,"RRAS 12",35155,"São José do Rio Preto"
"359",353310,"Nova Guataporanga",3511,"Presidente Prudente",3511,"RRAS 11",35111,"Alta Paulista"
"62",353320,"Nova Independência",3502,"Araçatuba",3512,"RRAS 12",35022,"Lagos do DRS II"
"464",353325,"Novais",3515,"São José do Rio Preto",3512,"RRAS 12",35151,"Catanduva"
"41",353330,"Nova Luzitânia",3502,"Araçatuba",3512,"RRAS 12",35021,"Central do DRS II"
"224",353340,"Nova Odessa",3507,"Campinas",3515,"RRAS 15",35072,"Reg Metro Campinas"
"471",353350,"Novo Horizonte",3515,"São José do Rio Preto",3512,"RRAS 12",35151,"Catanduva"
"252",353360,"Nuporanga",3508,"Franca",3513,"RRAS 13",35082,"Alta Anhanguera"
"297",353370,"Ocauçu",3509,"Marília",3510,"RRAS 10",35093,"Marília"
"312",353380,"Óleo",3509,"Marília",3510,"RRAS 10",35094,"Ourinhos"
"120",353390,"Olímpia",3505,"Barretos",3513,"RRAS 13",35051,"Norte - Barretos"
"522",353400,"Onda Verde",3515,"São José do Rio Preto",3512,"RRAS 12",35155,"São José do Rio Preto"
"295",353410,"Oriente",3509,"Marília",3510,"RRAS 10",35093,"Marília"
"527",353420,"Orindiúva",3515,"São José do Rio Preto",3512,"RRAS 12",35155,"São José do Rio Preto"
"253",353430,"Orlândia",3508,"Franca",3513,"RRAS 13",35082,"Alta Anhanguera"
"25",353440,"Osasco",3501,"Grande São Paulo",3505,"RRAS 05",35014,"Rota dos Bandeirantes"
"296",353450,"Oscar Bressane",3509,"Marília",3510,"RRAS 10",35093,"Marília"
"268",353460,"Osvaldo Cruz",3509,"Marília",3510,"RRAS 10",35091,"Adamantina"
"307",353470,"Ourinhos",3509,"Marília",3510,"RRAS 10",35094,"Ourinhos"
"506",353475,"Ouroeste",3515,"São José do Rio Preto",3512,"RRAS 12",35154,"Fernandópolis"
"355",353480,"Ouro Verde",3511,"Presidente Prudente",3511,"RRAS 11",35111,"Alta Paulista"
"267",353490,"Pacaembu",3509,"Marília",3510,"RRAS 10",35091,"Adamantina"
"523",353500,"Palestina",3515,"São José do Rio Preto",3512,"RRAS 12",35155,"São José do Rio Preto"
"465",353510,"Palmares Paulista",3515,"São José do Rio Preto",3512,"RRAS 12",35151,"Catanduva"
"492",353520,"Palmeira d'Oeste",3515,"São José do Rio Preto",3512,"RRAS 12",35153,"Jales"
"278",353530,"Palmital",3509,"Marília",3510,"RRAS 10",35092,"Assis"
"356",353540,"Panorama",3511,"Presidente Prudente",3511,"RRAS 11",35111,"Alta Paulista"
"273",353550,"Paraguaçu Paulista",3509,"Marília",3510,"RRAS 10",35092,"Assis"
"608",353560,"Paraibuna",3517,"Taubaté",3517,"RRAS 17",35171,"Alto Vale do Paraíba"
"470",353570,"Paraíso",3515,"São José do Rio Preto",3512,"RRAS 12",35151,"Catanduva"
"143",353580,"Paranapanema",3506,"Bauru",3509,"RRAS 09",35061,"Vale do Jurumirim"
"491",353590,"Paranapuã",3515,"São José do Rio Preto",3512,"RRAS 12",35153,"Jales"
"323",353600,"Parapuã",3509,"Marília",3510,"RRAS 10",35095,"Tupã"
"170",353610,"Pardinho",3506,"Bauru",3509,"RRAS 09",35063,"Polo Cuesta"
"396",353620,"Pariquera-Açu",3512,"Registro",3507,"RRAS 07",35121,"Vale do Ribeira"
"546",353625,"Parisi",3515,"São José do Rio Preto",3512,"RRAS 12",35157,"Votuporanga"
"243",353630,"Patrocínio Paulista",3508,"Franca",3513,"RRAS 13",35081,"Três Colinas"
"353",353640,"Paulicéia",3511,"Presidente Prudente",3511,"RRAS 11",35111,"Alta Paulista"
"213",353650,"Paulínia",3507,"Campinas",3515,"RRAS 15",35072,"Reg Metro Campinas"
"164",353657,"Paulistânia",3506,"Bauru",3509,"RRAS 09",35062,"Bauru"
"524",353660,"Paulo de Faria",3515,"São José do Rio Preto",3512,"RRAS 12",35155,"São José do Rio Preto"
"158",353670,"Pederneiras",3506,"Bauru",3509,"RRAS 09",35062,"Bauru"
"203",353680,"Pedra Bela",3507,"Campinas",3516,"RRAS 16",35071,"Bragança"
"504",353690,"Pedranópolis",3515,"São José do Rio Preto",3512,"RRAS 12",35154,"Fernandópolis"
"250",353700,"Pedregulho",3508,"Franca",3513,"RRAS 13",35081,"Três Colinas"
"222",353710,"Pedreira",3507,"Campinas",3515,"RRAS 15",35072,"Reg Metro Campinas"
"282",353715,"Pedrinhas Paulista",3509,"Marília",3510,"RRAS 10",35092,"Assis"
"408",353720,"Pedro de Toledo",3512,"Registro",3507,"RRAS 07",35121,"Vale do Ribeira"
"64",353730,"Penápolis",3502,"Araçatuba",3512,"RRAS 12",35023,"Consórcios do DRS II"
"55",353740,"Pereira Barreto",3502,"Araçatuba",3512,"RRAS 12",35022,"Lagos do DRS II"
"173",353750,"Pereiras",3506,"Bauru",3509,"RRAS 09",35063,"Polo Cuesta"
"109",353760,"Peruíbe",3504,"Baixada Santista",3507,"RRAS 07",35041,"Baixada Santista"
"63",353770,"Piacatu",3502,"Araçatuba",3512,"RRAS 12",35023,"Consórcios do DRS II"
"604",353780,"Piedade",3516,"Sorocaba",3508,"RRAS 08",35163,"Sorocaba"
"592",353790,"Pilar do Sul",3516,"Sorocaba",3508,"RRAS 08",35163,"Sorocaba"
"639",353800,"Pindamonhangaba",3517,"Taubaté",3517,"RRAS 17",35174,"V. Paraíba-Reg. Serrana"
"475",353810,"Pindorama",3515,"São José do Rio Preto",3512,"RRAS 12",35151,"Catanduva"
"207",353820,"Pinhalzinho",3507,"Campinas",3516,"RRAS 16",35071,"Bragança"
"389",353830,"Piquerobi",3511,"Presidente Prudente",3511,"RRAS 11",35114,"Extremo Oeste Paulista"
"621",353850,"Piquete",3517,"Taubaté",3517,"RRAS 17",35172,"Circ. da Fé/V.Histórico"
"200",353860,"Piracaia",3507,"Campinas",3516,"RRAS 16",35071,"Bragança"
"340",353870,"Piracicaba",3510,"Piracicaba",3514,"RRAS 14",35103,"Piracicaba"
"133",353880,"Piraju",3506,"Bauru",3509,"RRAS 09",35061,"Vale do Jurumirim"
"155",353890,"Pirajuí",3506,"Bauru",3509,"RRAS 09",35062,"Bauru"
"474",353900,"Pirangi",3515,"São José do Rio Preto",3512,"RRAS 12",35151,"Catanduva"
"29",353910,"Pirapora do Bom Jesus",3501,"Grande São Paulo",3505,"RRAS 05",35014,"Rota dos Bandeirantes"
"379",353920,"Pirapozinho",3511,"Presidente Prudente",3511,"RRAS 11",35112,"Alta Sorocabana"
"325",353930,"Pirassununga",3510,"Piracicaba",3514,"RRAS 14",35101,"Araras"
"165",353940,"Piratininga",3506,"Bauru",3509,"RRAS 09",35062,"Bauru"
"418",353950,"Pitangueiras",3513,"Ribeirão Preto",3513,"RRAS 13",35131,"Horizonte Verde"
"539",353960,"Planalto",3515,"São José do Rio Preto",3512,"RRAS 12",35156,"José Bonifácio"
"274",353970,"Platina",3509,"Marília",3510,"RRAS 10",35092,"Assis"
"2",353980,"Poá",3501,"Grande São Paulo",3502,"RRAS 02",35011,"Alto do Tietê"
"534",353990,"Poloni",3515,"São José do Rio Preto",3512,"RRAS 12",35156,"José Bonifácio"
"294",354000,"Pompéia",3509,"Marília",3510,"RRAS 10",35093,"Marília"
"191",354010,"Pongaí",3506,"Bauru",3509,"RRAS 09",35065,"Lins"
"416",354020,"Pontal",3513,"Ribeirão Preto",3513,"RRAS 13",35131,"Horizonte Verde"
"489",354025,"Pontalinda",3515,"São José do Rio Preto",3512,"RRAS 12",35153,"Jales"
"553",354030,"Pontes Gestal",3515,"São José do Rio Preto",3512,"RRAS 12",35157,"Votuporanga"
"498",354040,"Populina",3515,"São José do Rio Preto",3512,"RRAS 12",35154,"Fernandópolis"
"168",354050,"Porangaba",3506,"Bauru",3509,"RRAS 09",35063,"Polo Cuesta"
"602",354060,"Porto Feliz",3516,"Sorocaba",3508,"RRAS 08",35163,"Sorocaba"
"100",354070,"Porto Ferreira",3503,"Araraquara",3513,"RRAS 13",35034,"Coração do DRS III"
"622",354075,"Potim",3517,"Taubaté",3517,"RRAS 17",35172,"Circ. da Fé/V.Histórico"
"530",354080,"Potirendaba",3515,"São José do Rio Preto",3512,"RRAS 12",35155,"São José do Rio Preto"
"270",354085,"Pracinha",3509,"Marília",3510,"RRAS 10",35091,"Adamantina"
"415",354090,"Pradópolis",3513,"Ribeirão Preto",3513,"RRAS 13",35131,"Horizonte Verde"
"112",354100,"Praia Grande",3504,"Baixada Santista",3507,"RRAS 07",35041,"Baixada Santista"
"171",354105,"Pratânia",3506,"Bauru",3509,"RRAS 09",35063,"Polo Cuesta"
"153",354110,"Presidente Alves",3506,"Bauru",3509,"RRAS 09",35062,"Bauru"
"363",354120,"Presidente Bernardes",3511,"Presidente Prudente",3511,"RRAS 11",35112,"Alta Sorocabana"
"388",354130,"Presidente Epitácio",3511,"Presidente Prudente",3511,"RRAS 11",35114,"Extremo Oeste Paulista"
"369",354140,"Presidente Prudente",3511,"Presidente Prudente",3511,"RRAS 11",35112,"Alta Sorocabana"
"391",354150,"Presidente Venceslau",3511,"Presidente Prudente",3511,"RRAS 11",35114,"Extremo Oeste Paulista"
"197",354160,"Promissão",3506,"Bauru",3509,"RRAS 09",35065,"Lins"
"563",354165,"Quadra",3516,"Sorocaba",3508,"RRAS 08",35161,"Itapetininga"
"384",354170,"Quatá",3511,"Presidente Prudente",3511,"RRAS 11",35113,"Alto Capivari"
"317",354180,"Queiroz",3509,"Marília",3510,"RRAS 10",35095,"Tupã"
"628",354190,"Queluz",3517,"Taubaté",3517,"RRAS 17",35172,"Circ. da Fé/V.Histórico"
"286",354200,"Quintana",3509,"Marília",3510,"RRAS 10",35093,"Marília"
"342",354210,"Rafard",3510,"Piracicaba",3514,"RRAS 14",35103,"Piracicaba"
"386",354220,"Rancharia",3511,"Presidente Prudente",3511,"RRAS 11",35113,"Alto Capivari"
"642",354230,"Redenção da Serra",3517,"Taubaté",3517,"RRAS 17",35174,"V. Paraíba-Reg. Serrana"
"372",354240,"Regente Feijó",3511,"Presidente Prudente",3511,"RRAS 11",35112,"Alta Sorocabana"
"163",354250,"Reginópolis",3506,"Bauru",3509,"RRAS 09",35062,"Bauru"
"406",354260,"Registro",3512,"Registro",3507,"RRAS 07",35121,"Vale do Ribeira"
"245",354270,"Restinga",3508,"Franca",3513,"RRAS 13",35081,"Três Colinas"
"581",354280,"Ribeira",3516,"Sorocaba",3508,"RRAS 08",35162,"Itapeva"
"103",354290,"Ribeirão Bonito",3503,"Araraquara",3513,"RRAS 13",35034,"Coração do DRS III"
"585",354300,"Ribeirão Branco",3516,"Sorocaba",3508,"RRAS 08",35162,"Itapeva"
"248",354310,"Ribeirão Corrente",3508,"Franca",3513,"RRAS 13",35081,"Três Colinas"
"313",354320,"Ribeirão do Sul",3509,"Marília",3510,"RRAS 10",35094,"Ourinhos"
"380",354323,"Ribeirão dos Índios",3511,"Presidente Prudente",3511,"RRAS 11",35112,"Alta Sorocabana"
"565",354325,"Ribeirão Grande",3516,"Sorocaba",3508,"RRAS 08",35161,"Itapetininga"
"37",354330,"Ribeirão Pires",3501,"Grande São Paulo",3501,"RRAS 01",35015,"Grande ABC"
"424",354340,"Ribeirão Preto",3513,"Ribeirão Preto",3513,"RRAS 13",35132,"Aquífero Guarani"
"572",354350,"Riversul",3516,"Sorocaba",3508,"RRAS 08",35162,"Itapeva"
"242",354360,"Rifaina",3508,"Franca",3513,"RRAS 13",35081,"Três Colinas"
"80",354370,"Rincão",3503,"Araraquara",3513,"RRAS 13",35031,"Central do DRS III"
"322",354380,"Rinópolis",3509,"Marília",3510,"RRAS 10",35095,"Tupã"
"348",354390,"Rio Claro",3510,"Piracicaba",3514,"RRAS 14",35104,"Rio Claro"
"338",354400,"Rio das Pedras",3510,"Piracicaba",3514,"RRAS 14",35103,"Piracicaba"
"38",354410,"Rio Grande da Serra",3501,"Grande São Paulo",3501,"RRAS 01",35015,"Grande ABC"
"558",354420,"Riolândia",3515,"São José do Rio Preto",3512,"RRAS 12",35157,"Votuporanga"
"395",354425,"Rosana",3511,"Presidente Prudente",3511,"RRAS 11",35115,"Pontal do Paranapanema"
"615",354430,"Roseira",3517,"Taubaté",3517,"RRAS 17",35172,"Circ. da Fé/V.Histórico"
"42",354440,"Rubiácea",3502,"Araçatuba",3512,"RRAS 12",35021,"Central do DRS II"
"480",354450,"Rubinéia",3515,"São José do Rio Preto",3512,"RRAS 12",35152,"Santa Fé do Sul"
"196",354460,"Sabino",3506,"Bauru",3509,"RRAS 09",35065,"Lins"
"264",354470,"Sagres",3509,"Marília",3510,"RRAS 10",35091,"Adamantina"
"457",354480,"Sales",3515,"São José do Rio Preto",3512,"RRAS 12",35151,"Catanduva"
"251",354490,"Sales Oliveira",3508,"Franca",3513,"RRAS 13",35082,"Alta Anhanguera"
"6",354500,"Salesópolis",3501,"Grande São Paulo",3502,"RRAS 02",35011,"Alto do Tietê"
"272",354510,"Salmourão",3509,"Marília",3510,"RRAS 10",35091,"Adamantina"
"334",354515,"Saltinho",3510,"Piracicaba",3514,"RRAS 14",35103,"Piracicaba"
"595",354520,"Salto",3516,"Sorocaba",3508,"RRAS 08",35163,"Sorocaba"
"599",354530,"Salto de Pirapora",3516,"Sorocaba",3508,"RRAS 08",35163,"Sorocaba"
"311",354540,"Salto Grande",3509,"Marília",3510,"RRAS 10",35094,"Ourinhos"
"365",354550,"Sandovalina",3511,"Presidente Prudente",3511,"RRAS 11",35112,"Alta Sorocabana"
"463",354560,"Santa Adélia",3515,"São José do Rio Preto",3512,"RRAS 12",35151,"Catanduva"
"488",354570,"Santa Albertina",3515,"São José do Rio Preto",3512,"RRAS 12",35153,"Jales"
"227",354580,"Santa Bárbara d'Oeste",3507,"Campinas",3515,"RRAS 15",35072,"Reg Metro Campinas"
"614",354600,"Santa Branca",3517,"Taubaté",3517,"RRAS 17",35171,"Alto Vale do Paraíba"
"481",354610,"Santa Clara d'Oeste",3515,"São José do Rio Preto",3512,"RRAS 12",35152,"Santa Fé do Sul"
"327",354620,"Santa Cruz da Conceição",3510,"Piracicaba",3514,"RRAS 14",35101,"Araras"
"436",354625,"Santa Cruz da Esperança",3513,"Ribeirão Preto",3513,"RRAS 13",35133,"Vale das Cachoeiras"
"445",354630,"Santa Cruz das Palmeiras",3514,"São João da Boa Vista",3515,"RRAS 15",35142,"Mantiqueira"
"304",354640,"Santa Cruz do Rio Pardo",3509,"Marília",3510,"RRAS 10",35094,"Ourinhos"
"95",354650,"Santa Ernestina",3503,"Araraquara",3513,"RRAS 13",35033,"Norte do DRS III"
"478",354660,"Santa Fé do Sul",3515,"São José do Rio Preto",3512,"RRAS 12",35152,"Santa Fé do Sul"
"350",354670,"Santa Gertrudes",3510,"Piracicaba",3514,"RRAS 14",35104,"Rio Claro"
"7",354680,"Santa Isabel",3501,"Grande São Paulo",3502,"RRAS 02",35011,"Alto do Tietê"
"83",354690,"Santa Lúcia",3503,"Araraquara",3513,"RRAS 13",35031,"Central do DRS III"
"335",354700,"Santa Maria da Serra",3510,"Piracicaba",3514,"RRAS 14",35103,"Piracicaba"
"357",354710,"Santa Mercedes",3511,"Presidente Prudente",3511,"RRAS 11",35111,"Alta Paulista"
"485",354720,"Santana da Ponte Pensa",3515,"São José do Rio Preto",3512,"RRAS 12",35153,"Jales"
"27",354730,"Santana de Parnaíba",3501,"Grande São Paulo",3505,"RRAS 05",35014,"Rota dos Bandeirantes"
"477",354740,"Santa Rita d'Oeste",3515,"São José do Rio Preto",3512,"RRAS 12",35152,"Santa Fé do Sul"
"423",354750,"Santa Rita do Passa Quatro",3513,"Ribeirão Preto",3513,"RRAS 13",35132,"Aquífero Guarani"
"422",354760,"Santa Rosa de Viterbo",3513,"Ribeirão Preto",3513,"RRAS 13",35132,"Aquífero Guarani"
"493",354765,"Santa Salete",3515,"São José do Rio Preto",3512,"RRAS 12",35153,"Jales"
"371",354770,"Santo Anastácio",3511,"Presidente Prudente",3511,"RRAS 11",35112,"Alta Sorocabana"
"34",354780,"Santo André",3501,"Grande São Paulo",3501,"RRAS 01",35015,"Grande ABC"
"430",354790,"Santo Antônio da Alegria",3513,"Ribeirão Preto",3513,"RRAS 13",35133,"Vale das Cachoeiras"
"223",354800,"Santo Antônio de Posse",3507,"Campinas",3515,"RRAS 15",35072,"Reg Metro Campinas"
"50",354805,"Santo Antônio do Aracanguá",3502,"Araçatuba",3512,"RRAS 12",35021,"Central do DRS II"
"443",354810,"Santo Antônio do Jardim",3514,"São João da Boa Vista",3515,"RRAS 15",35142,"Mantiqueira"
"638",354820,"Santo Antônio do Pinhal",3517,"Taubaté",3517,"RRAS 17",35174,"V. Paraíba-Reg. Serrana"
"381",354830,"Santo Expedito",3511,"Presidente Prudente",3511,"RRAS 11",35112,"Alta Sorocabana"
"70",354840,"Santópolis do Aguapeí",3502,"Araçatuba",3512,"RRAS 12",35023,"Consórcios do DRS II"
"110",354850,"Santos",3504,"Baixada Santista",3507,"RRAS 07",35041,"Baixada Santista"
"636",354860,"São Bento do Sapucaí",3517,"Taubaté",3517,"RRAS 17",35174,"V. Paraíba-Reg. Serrana"
"36",354870,"São Bernardo do Campo",3501,"Grande São Paulo",3501,"RRAS 01",35015,"Grande ABC"
"32",354880,"São Caetano do Sul",3501,"Grande São Paulo",3501,"RRAS 01",35015,"Grande ABC"
"98",354890,"São Carlos",3503,"Araraquara",3513,"RRAS 13",35034,"Coração do DRS III"
"482",354900,"São Francisco",3515,"São José do Rio Preto",3512,"RRAS 12",35153,"Jales"
"446",354910,"São João da Boa Vista",3514,"São João da Boa Vista",3515,"RRAS 15",35142,"Mantiqueira"
"510",354920,"São João das Duas Pontes",3515,"São José do Rio Preto",3512,"RRAS 12",35154,"Fernandópolis"
"503",354925,"São João de Iracema",3515,"São José do Rio Preto",3512,"RRAS 12",35154,"Fernandópolis"
"362",354930,"São João do Pau d'Alho",3511,"Presidente Prudente",3511,"RRAS 11",35111,"Alta Paulista"
"254",354940,"São Joaquim da Barra",3508,"Franca",3513,"RRAS 13",35082,"Alta Anhanguera"
"247",354950,"São José da Bela Vista",3508,"Franca",3513,"RRAS 13",35081,"Três Colinas"
"626",354960,"São José do Barreiro",3517,"Taubaté",3517,"RRAS 17",35172,"Circ. da Fé/V.Histórico"
"454",354970,"São José do Rio Pardo",3514,"São João da Boa Vista",3515,"RRAS 15",35143,"Rio Pardo"
"514",354980,"São José do Rio Preto",3515,"São José do Rio Preto",3512,"RRAS 12",35155,"São José do Rio Preto"
"610",354990,"São José dos Campos",3517,"Taubaté",3517,"RRAS 17",35171,"Alto Vale do Paraíba"
"21",354995,"São Lourenço da Serra",3501,"Grande São Paulo",3504,"RRAS 04",35013,"Mananciais"
"641",355000,"São Luís do Paraitinga",3517,"Taubaté",3517,"RRAS 17",35174,"V. Paraíba-Reg. Serrana"
"174",355010,"São Manuel",3506,"Bauru",3509,"RRAS 09",35063,"Polo Cuesta"
"568",355020,"São Miguel Arcanjo",3516,"Sorocaba",3508,"RRAS 08",35161,"Itapetininga"
"39",355030,"São Paulo",3501,"Grande São Paulo",3506,"RRAS 06",35016,"São Paulo"
"343",355040,"São Pedro",3510,"Piracicaba",3514,"RRAS 14",35103,"Piracicaba"
"310",355050,"São Pedro do Turvo",3509,"Marília",3510,"RRAS 10",35094,"Ourinhos"
"601",355060,"São Roque",3516,"Sorocaba",3508,"RRAS 08",35163,"Sorocaba"
"634",355070,"São Sebastião",3517,"Taubaté",3517,"RRAS 17",35173,"Litoral Norte"
"452",355080,"São Sebastião da Grama",3514,"São João da Boa Vista",3515,"RRAS 15",35143,"Rio Pardo"
"429",355090,"São Simão",3513,"Ribeirão Preto",3513,"RRAS 13",35132,"Aquífero Guarani"
"108",355100,"São Vicente",3504,"Baixada Santista",3507,"RRAS 07",35041,"Baixada Santista"
"562",355110,"Sarapuí",3516,"Sorocaba",3508,"RRAS 08",35161,"Itapetininga"
"132",355120,"Sarutaiá",3506,"Bauru",3509,"RRAS 09",35061,"Vale do Jurumirim"
"544",355130,"Sebastianópolis do Sul",3515,"São José do Rio Preto",3512,"RRAS 12",35157,"Votuporanga"
"420",355140,"Serra Azul",3513,"Ribeirão Preto",3513,"RRAS 13",35132,"Aquífero Guarani"
"427",355150,"Serrana",3513,"Ribeirão Preto",3513,"RRAS 13",35132,"Aquífero Guarani"
"236",355160,"Serra Negra",3507,"Campinas",3515,"RRAS 15",35074,"Circuito das Águas"
"417",355170,"Sertãozinho",3513,"Ribeirão Preto",3513,"RRAS 13",35131,"Horizonte Verde"
"399",355180,"Sete Barras",3512,"Registro",3507,"RRAS 07",35121,"Vale do Ribeira"
"114",355190,"Severínia",3505,"Barretos",3513,"RRAS 13",35051,"Norte - Barretos"
"629",355200,"Silveiras",3517,"Taubaté",3517,"RRAS 17",35172,"Circ. da Fé/V.Histórico"
"201",355210,"Socorro",3507,"Campinas",3516,"RRAS 16",35071,"Bragança"
"593",355220,"Sorocaba",3516,"Sorocaba",3508,"RRAS 08",35163,"Sorocaba"
"54",355230,"Sud Mennucci",3502,"Araçatuba",3512,"RRAS 12",35022,"Lagos do DRS II"
"226",355240,"Sumaré",3507,"Campinas",3515,"RRAS 15",35072,"Reg Metro Campinas"
"4",355250,"Suzano",3501,"Grande São Paulo",3502,"RRAS 02",35011,"Alto do Tietê"
"61",355255,"Suzanápolis",3502,"Araçatuba",3512,"RRAS 12",35022,"Lagos do DRS II"
"467",355260,"Tabapuã",3515,"São José do Rio Preto",3512,"RRAS 12",35151,"Catanduva"
"91",355270,"Tabatinga",3503,"Araraquara",3513,"RRAS 13",35032,"Centro Oeste do DRS III"
"18",355280,"Taboão da Serra",3501,"Grande São Paulo",3504,"RRAS 04",35013,"Mananciais"
"374",355290,"Taciba",3511,"Presidente Prudente",3511,"RRAS 11",35112,"Alta Sorocabana"
"134",355300,"Taguaí",3506,"Bauru",3509,"RRAS 09",35061,"Vale do Jurumirim"
"127",355310,"Taiaçu",3505,"Barretos",3513,"RRAS 13",35052,"Sul - Barretos"
"130",355320,"Taiúva",3505,"Barretos",3513,"RRAS 13",35052,"Sul - Barretos"
"444",355330,"Tambaú",3514,"São João da Boa Vista",3515,"RRAS 15",35142,"Mantiqueira"
"511",355340,"Tanabi",3515,"São José do Rio Preto",3512,"RRAS 12",35155,"São José do Rio Preto"
"591",355350,"Tapiraí",3516,"Sorocaba",3508,"RRAS 08",35163,"Sorocaba"
"450",355360,"Tapiratiba",3514,"São João da Boa Vista",3515,"RRAS 15",35143,"Rio Pardo"
"126",355365,"Taquaral",3505,"Barretos",3513,"RRAS 13",35052,"Sul - Barretos"
"97",355370,"Taquaritinga",3503,"Araraquara",3513,"RRAS 13",35033,"Norte do DRS III"
"142",355380,"Taquarituba",3506,"Bauru",3509,"RRAS 09",35061,"Vale do Jurumirim"
"586",355385,"Taquarivaí",3516,"Sorocaba",3508,"RRAS 08",35162,"Itapeva"
"377",355390,"Tarabai",3511,"Presidente Prudente",3511,"RRAS 11",35112,"Alta Sorocabana"
"284",355395,"Tarumã",3509,"Marília",3510,"RRAS 10",35092,"Assis"
"571",355400,"Tatuí",3516,"Sorocaba",3508,"RRAS 08",35161,"Itapetininga"
"643",355410,"Taubaté",3517,"Taubaté",3517,"RRAS 17",35174,"V. Paraíba-Reg. Serrana"
"145",355420,"Tejupá",3506,"Bauru",3509,"RRAS 09",35061,"Vale do Jurumirim"
"394",355430,"Teodoro Sampaio",3511,"Presidente Prudente",3511,"RRAS 11",35115,"Pontal do Paranapanema"
"125",355440,"Terra Roxa",3505,"Barretos",3513,"RRAS 13",35052,"Sul - Barretos"
"596",355450,"Tietê",3516,"Sorocaba",3508,"RRAS 08",35163,"Sorocaba"
"314",355460,"Timburi",3509,"Marília",3510,"RRAS 10",35094,"Ourinhos"
"178",355465,"Torre de Pedra",3506,"Bauru",3509,"RRAS 09",35063,"Polo Cuesta"
"185",355470,"Torrinha",3506,"Bauru",3509,"RRAS 09",35064,"Jaú"
"87",355475,"Trabiju",3503,"Araraquara",3513,"RRAS 13",35031,"Central do DRS III"
"645",355480,"Tremembé",3517,"Taubaté",3517,"RRAS 17",35174,"V. Paraíba-Reg. Serrana"
"479",355490,"Três Fronteiras",3515,"São José do Rio Preto",3512,"RRAS 12",35152,"Santa Fé do Sul"
"199",355495,"Tuiuti",3507,"Campinas",3516,"RRAS 16",35071,"Bragança"
"318",355500,"Tupã",3509,"Marília",3510,"RRAS 10",35095,"Tupã"
"354",355510,"Tupi Paulista",3511,"Presidente Prudente",3511,"RRAS 11",35111,"Alta Paulista"
"73",355520,"Turiúba",3502,"Araçatuba",3512,"RRAS 12",35023,"Consórcios do DRS II"
"505",355530,"Turmalina",3515,"São José do Rio Preto",3512,"RRAS 12",35154,"Fernandópolis"
"531",355535,"Ubarana",3515,"São José do Rio Preto",3512,"RRAS 12",35156,"José Bonifácio"
"632",355540,"Ubatuba",3517,"Taubaté",3517,"RRAS 17",35173,"Litoral Norte"
"291",355550,"Ubirajara",3509,"Marília",3510,"RRAS 10",35093,"Marília"
"520",355560,"Uchoa",3515,"São José do Rio Preto",3512,"RRAS 12",35155,"São José do Rio Preto"
"535",355570,"União Paulista",3515,"São José do Rio Preto",3512,"RRAS 12",35156,"José Bonifácio"
"496",355580,"Urânia",3515,"São José do Rio Preto",3512,"RRAS 12",35153,"Jales"
"195",355590,"Uru",3506,"Bauru",3509,"RRAS 09",35065,"Lins"
"473",355600,"Urupês",3515,"São José do Rio Preto",3512,"RRAS 12",35151,"Catanduva"
"543",355610,"Valentim Gentil",3515,"São José do Rio Preto",3512,"RRAS 12",35157,"Votuporanga"
"228",355620,"Valinhos",3507,"Campinas",3515,"RRAS 15",35072,"Reg Metro Campinas"
"44",355630,"Valparaíso",3502,"Araçatuba",3512,"RRAS 12",35021,"Central do DRS II"
"205",355635,"Vargem",3507,"Campinas",3516,"RRAS 16",35071,"Bragança"
"448",355640,"Vargem Grande do Sul",3514,"São João da Boa Vista",3515,"RRAS 15",35142,"Mantiqueira"
"20",355645,"Vargem Grande Paulista",3501,"Grande São Paulo",3504,"RRAS 04",35013,"Mananciais"
"235",355650,"Várzea Paulista",3507,"Campinas",3516,"RRAS 16",35073,"Jundiaí"
"290",355660,"Vera Cruz",3509,"Marília",3510,"RRAS 10",35093,"Marília"
"216",355670,"Vinhedo",3507,"Campinas",3515,"RRAS 15",35072,"Reg Metro Campinas"
"128",355680,"Viradouro",3505,"Barretos",3513,"RRAS 13",35052,"Sul - Barretos"
"123",355690,"Vista Alegre do Alto",3505,"Barretos",3513,"RRAS 13",35052,"Sul - Barretos"
"487",355695,"Vitória Brasil",3515,"São José do Rio Preto",3512,"RRAS 12",35153,"Jales"
"589",355700,"Votorantim",3516,"Sorocaba",3508,"RRAS 08",35163,"Sorocaba"
"556",355710,"Votuporanga",3515,"São José do Rio Preto",3512,"RRAS 12",35157,"Votuporanga"
"538",355715,"Zacarias",3515,"São José do Rio Preto",3512,"RRAS 12",35156,"José Bonifácio"
"306",355720,"Chavantes",3509,"Marília",3510,"RRAS 10",35094,"Ourinhos"
"440",355730,"Estiva Gerbi",3514,"São João da Boa Vista",3515,"RRAS 15",35141,"Baixa Mogiana"
